x,y,z,p1_x,p1_y,p1_z,p2_x,p2_y,p2_z,p3_x,p3_y,p3_z
-149.304565,476.498749,1537.10498,-53.955505,257.769348,1130.44458,12.79549,187.063126,1395.264771,-170.150208,172.450684,1365.465576
-153.719757,472.777405,1522.596436,-53.626015,257.88623,1130.319946,13.046638,187.357315,1395.188354,-170.081451,172.50705,1364.896606
-157.572006,469.459106,1507.529175,-53.263592,258.171722,1130.900513,13.395455,187.29277,1395.091431,-169.108414,172.437042,1363.92981
-160.900299,466.173706,1492.197388,-53.06184,258.301605,1130.917603,13.399638,187.338425,1395.000244,-169.43306,172.653091,1363.996094
-163.763367,463.448364,1476.985962,-52.908573,258.444702,1130.952026,13.481548,188.017044,1395.00415,-169.578964,172.945328,1363.872803
-166.29921,461.152161,1461.855591,-52.774586,258.657684,1130.968384,13.394874,187.81134,1395.02356,-170.349472,173.234467,1364.723755
-167.230728,459.433777,1446.709473,-52.553547,258.915863,1130.806519,13.523747,187.661407,1394.69812,-170.40509,173.310333,1364.651978
-167.542267,457.988922,1431.757568,-52.845699,258.813538,1131.171143,13.364555,187.879074,1394.697388,-170.520935,173.338821,1364.550049
-167.091125,457.147491,1417.304565,-52.885708,258.945129,1131.158203,13.131734,187.807709,1394.210083,-170.68808,173.348557,1364.415405
-165.781601,456.692566,1402.989014,-52.959885,259.10379,1131.14502,12.845934,187.809006,1394.097778,-170.974991,173.332642,1364.313721
-163.636017,456.669037,1388.897949,-53.09137,259.271423,1131.131714,12.567739,187.884109,1394.072144,-171.211655,173.302826,1364.010986
-160.597565,457.254974,1375.390381,-53.201618,259.481018,1131.082764,12.17262,187.783447,1393.547363,-171.613983,173.121994,1363.861206
-156.193604,458.07254,1362.491211,-53.27338,259.770752,1130.964111,11.551619,188.154572,1393.682495,-171.947433,173.098663,1363.56311
-150.954651,459.744232,1349.77417,-53.982956,259.661957,1131.137817,11.003396,188.07814,1393.097412,-172.385254,172.96814,1363.367676
-145.180298,462.059937,1337.948608,-54.396576,259.733978,1131.04248,10.791717,188.432144,1392.944946,-172.914124,172.830032,1363.188354
-138.34668,464.749329,1326.365967,-54.781693,259.783264,1131.101685,10.520564,189.201706,1393.598633,-173.187485,172.248352,1363.023071
-130.41066,467.615326,1315.28186,-55.187778,259.788208,1130.664185,9.507702,189.505615,1393.272827,-174.027435,172.470337,1362.799805
-121.936722,471.326019,1305.278198,-55.494606,259.575806,1130.674316,9.122757,189.195358,1392.944824,-174.592514,172.307648,1362.496704
-112.505745,475.345764,1295.3479,-55.610645,259.371094,1130.275513,8.204759,190.086395,1393.67627,-175.181915,172.010727,1362.224121
-102.143524,479.812164,1286.105591,-55.816334,259.273743,1129.80835,7.415894,190.540054,1393.81604,-175.647415,171.922241,1361.765137
-91.00032,484.615875,1277.655396,-56.467518,259.209198,1130.223999,6.64773,190.977219,1393.478271,-176.831955,171.769913,1361.998657
-79.43647,489.666443,1270.214478,-57.243263,259.128204,1130.177002,5.532877,190.999435,1393.302002,-177.424347,171.581207,1361.932007
-66.226631,495.128357,1263.165771,-58.149105,259.343689,1130.290649,4.683321,191.465607,1392.942017,-178.327164,171.30777,1361.587158
-52.646172,500.702148,1257.074707,-59.787243,259.45813,1131.191772,3.99548,191.999878,1393.757324,-179.109222,171.173462,1361.633423
-39.172821,506.386505,1252.611572,-60.455948,259.372467,1130.80542,2.811134,192.046432,1393.37793,-179.78093,170.609192,1361.333862
-23.908682,512.034973,1248.045044,-61.708694,259.638092,1131.196045,1.795032,192.726181,1393.594604,-180.853836,170.549515,1361.061035
-8.034279,517.786621,1244.255249,-62.541119,259.358917,1131.155273,1.203609,192.8069,1393.487671,-181.577469,169.73735,1360.785767
8.884911,523.140442,1240.757446,-63.291042,259.129181,1130.772461,0.171639,193.039352,1393.481567,-182.514069,170.141418,1360.993896
25.155706,529.135193,1239.73645,-64.013359,258.872223,1130.274048,-0.758041,194.021362,1394.075317,-183.338089,169.805664,1360.785767
43.341034,534.83783,1238.42688,-64.892357,258.795197,1130.020996,-2.059971,194.795578,1394.012817,-184.204498,169.532303,1360.279419
60.899258,540.481079,1239.31543,-65.787483,258.783569,1129.782227,-2.838923,195.4543,1394.546875,-185.093262,169.069168,1360.119141
78.355431,546.622925,1241.830688,-66.718491,258.700684,1129.570923,-3.755203,195.522125,1394.761963,-185.855118,168.52153,1359.887939
97.424835,552.066406,1244.751709,-67.61618,258.528931,1129.369995,-4.762112,195.870483,1394.998047,-186.628891,168.744034,1359.890015
115.983635,557.034668,1248.981934,-68.401154,258.370148,1129.061035,-5.700669,196.254089,1395.170044,-187.203491,168.072205,1359.510132
134.413116,561.990112,1254.941162,-69.199669,258.335602,1128.945679,-6.328464,196.726318,1395.129517,-187.958115,167.879883,1359.124023
152.526962,566.216492,1262.020142,-69.898453,258.268768,1128.780029,-7.189966,197.18457,1395.495361,-188.371933,167.749649,1359.011963
170.057755,569.936707,1270.114136,-70.538269,258.182098,1128.643799,-7.745667,197.23024,1395.495239,-188.929199,167.679474,1358.799683
186.566177,574.441284,1280.549805,-71.124931,258.065826,1128.517456,-8.502993,197.65976,1395.814941,-189.40593,167.62767,1358.578003
202.300049,578.348755,1291.918213,-71.614792,257.933197,1128.375488,-8.846066,197.869934,1395.615112,-189.82402,167.665619,1358.392212
217.119553,580.187866,1303.079224,-72.080971,257.765381,1128.233887,-9.20716,197.991669,1395.67334,-190.320206,167.711533,1358.0979
230.611801,582.560059,1316.208252,-72.474937,257.651428,1128.116211,-9.651453,198.058945,1396.012207,-190.469498,167.869049,1358.140991
242.974319,584.741455,1330.669922,-72.822624,257.492523,1127.986328,-9.890765,198.147964,1396.187622,-190.682114,168.001129,1358.08667
254.185669,586.548462,1345.957886,-73.110802,257.335052,1127.888916,-9.972451,198.434036,1396.226929,-190.850449,168.172653,1358.104614
264.180786,587.491089,1361.623657,-73.334511,257.167297,1127.80481,-9.4991,197.572433,1395.104614,-190.971252,168.392502,1358.163696
272.168854,588.90271,1378.858765,-73.478401,257.017822,1127.745117,-9.989284,198.481415,1396.543213,-191.037582,168.617142,1358.248291
279.040558,588.443726,1395.827881,-73.561592,256.85321,1127.686646,-10.007995,198.462814,1396.787842,-191.071838,168.864182,1358.356689
284.311523,588.422607,1413.522339,-73.570282,256.682709,1127.638672,-9.934094,198.269211,1397.132935,-191.050873,169.143524,1358.498901
288.169128,588.532104,1432.029419,-73.530205,256.50592,1127.600464,-9.820293,198.236053,1397.412964,-190.998764,169.425827,1358.644775
292.952209,587.176941,1446.403564,-73.40229,256.322144,1127.565063,-9.776446,198.189423,1397.941284,-191.079544,169.747818,1358.680786
292.029419,586.41394,1468.167358,-73.211243,256.124664,1127.546875,-9.867889,197.826065,1398.717529,-190.952164,170.071396,1358.855347
292.165527,585.051697,1486.380127,-72.978996,255.934982,1127.580566,-9.668324,197.662933,1399.110718,-190.59903,170.41185,1359.164307
291.218262,583.4422,1504.213257,-72.687721,255.771454,1127.642334,-9.431419,197.401733,1399.363281,-190.377579,170.747513,1359.353394
289.252472,581.616333,1521.845703,-72.322601,255.56842,1127.687134,-9.111713,197.136169,1399.671143,-190.087402,171.122299,1359.575684
286.280762,579.450989,1538.983521,-72.148819,255.532349,1128.049805,-8.710771,196.764465,1399.999512,-189.927719,171.949066,1359.915039
282.383453,577.10199,1555.626343,-71.698341,255.476685,1128.136475,-8.273706,196.389542,1400.286987,-189.711502,172.185165,1359.952881
277.586914,574.604126,1571.936523,-71.080872,255.299683,1128.029053,-7.814289,195.956635,1400.557739,-189.324371,172.576584,1360.18042
271.932617,571.717285,1587.680054,-70.50985,255.131897,1128.029907,-7.29437,195.795731,1400.732544,-188.775208,173.068527,1360.603638
265.527161,568.685547,1602.571899,-69.921814,255.072769,1128.085083,-6.699575,195.352783,1400.901245,-188.440216,173.355103,1360.672363
258.357849,565.934509,1616.954834,-69.16935,254.88588,1128.014648,-6.344222,194.706055,1401.452759,-187.978394,173.747604,1360.921753
250.081696,563.107788,1630.615356,-68.588875,254.764862,1128.106689,-5.611156,194.257538,1401.512207,-187.479034,174.159958,1361.185303
241.206146,559.96521,1643.449829,-67.796227,254.657715,1127.932495,-5.101419,193.497192,1401.990845,-186.807846,174.67749,1361.661255
231.877213,557.137085,1655.589111,-67.112862,254.690857,1127.977295,-4.520533,193.077621,1402.402222,-186.313538,175.059464,1362.036621
221.777252,554.124512,1666.867676,-66.508766,254.492081,1128.084961,-3.682897,192.596527,1402.276489,-186.027267,175.284836,1362.333984
211.644409,551.474548,1676.770874,-65.837662,254.481262,1128.192017,-3.210508,192.226288,1402.39978,-185.774155,176.335403,1363.473877
200.664948,548.297791,1686.300171,-65.111626,254.503601,1128.328003,-2.484237,191.537643,1402.507935,-184.797638,176.429581,1363.239746
189.202042,545.33374,1694.839355,-64.379189,254.425735,1128.397461,-1.83176,191.029633,1402.777344,-184.155685,176.657318,1363.110474
177.487427,542.177979,1702.463135,-63.715973,254.322983,1128.401733,-1.244197,190.495636,1402.995361,-183.636261,177.072327,1363.419189
165.507904,538.853394,1709.453369,-62.995731,254.366669,1128.485107,-0.667263,189.868881,1403.154297,-183.12471,177.507813,1363.757202
153.580612,535.678833,1715.21875,-62.293053,254.332779,1128.539673,-0.166426,189.475006,1403.420898,-182.426376,177.898926,1364.183105
141.677872,532.411438,1720.184448,-61.543571,254.436462,1128.626343,0.126352,189.040787,1403.567627,-182.142822,178.343628,1364.327271
129.6577,529.035339,1724.526245,-60.813324,254.431046,1128.690918,0.781598,188.240723,1403.425171,-181.667648,178.761597,1364.567017
117.911606,525.931152,1727.692993,-60.186531,254.469452,1128.712036,1.111307,187.818237,1403.654297,-181.237427,179.087509,1364.736328
106.276909,522.512329,1730.232788,-59.492233,254.440613,1128.878296,1.214669,187.612305,1403.672119,-180.818939,179.448669,1364.886353
94.894028,519.468994,1732.074463,-58.837467,254.460007,1128.922119,1.649545,187.21666,1403.666382,-180.442032,179.813858,1365.005859
83.806534,516.576721,1733.051392,-58.184338,254.443024,1128.967163,2.51784,186.532593,1403.030029,-179.842316,180.052567,1365.192505
73.243393,513.744019,1733.643555,-57.552574,254.421234,1129.028564,2.973758,185.729034,1402.781616,-179.643631,180.474213,1365.201172
63.362606,511.026337,1733.830444,-57.186749,254.310852,1128.754883,3.052041,185.719879,1403.11499,-179.23912,180.757294,1365.296265
54.370041,508.255554,1733.841675,-56.455338,254.289536,1129.067017,3.43396,185.452179,1402.726929,-178.945465,180.873795,1365.430786
46.465263,505.98114,1733.572632,-55.945488,254.209839,1129.096924,3.809626,185.161987,1402.374512,-178.599579,181.057297,1365.474976
39.664734,503.997742,1733.203247,-55.468632,254.167618,1129.156128,4.363629,184.098038,1401.207886,-178.424225,181.458206,1365.655396
34.08429,501.926544,1733.227295,-55.058193,254.114471,1129.21167,4.637094,183.993622,1401.111084,-177.986572,181.487747,1365.754883
29.836212,500.164215,1733.415527,-54.734371,254.043701,1129.270264,4.886513,183.894669,1401.135254,-177.803482,181.556747,1365.703491
26.82522,498.74939,1733.755371,-54.499874,253.961868,1129.328491,5.120186,184.090805,1401.216553,-177.702377,181.574234,1365.632813
24.877703,497.856445,1734.381104,-54.334629,253.876389,1129.395142,4.988848,184.036621,1400.717407,-177.695801,181.525269,1365.544312
24.533287,497.365662,1734.940308,-54.232647,253.792343,1129.469482,5.161613,184.117004,1400.511597,-177.967529,181.528458,1365.327148
25.240158,497.120697,1735.682007,-54.212212,253.689972,1129.528442,4.89351,184.270401,1400.412964,-178.080719,181.387863,1365.205078
27.07584,497.207001,1736.59375,-54.283569,253.569839,1129.567627,4.094506,184.351456,1400.914551,-178.246796,181.199646,1365.075928
30.143257,498.003235,1737.308594,-54.431503,253.43335,1129.576782,4.260548,184.81636,1401.127686,-178.451736,181.004135,1364.960938
34.113529,499.287018,1738.106567,-54.665367,253.29953,1129.581421,3.881941,184.6931,1400.57605,-178.698792,180.780334,1364.825806
39.313545,501.11853,1738.710693,-55.005844,253.152542,1129.550781,3.615072,185.009232,1400.543213,-178.587402,180.244644,1364.530884
45.494213,503.435913,1739.13501,-55.429913,253.013885,1129.493652,3.223113,185.094482,1400.343018,-179.160599,180.046967,1364.369629
52.659676,506.293762,1739.327759,-55.899654,252.893127,1129.437378,2.921586,185.371826,1400.336914,-179.421677,179.694672,1364.159912
60.725288,509.529816,1739.309326,-56.395504,252.835419,1129.405884,2.58388,185.76474,1400.425537,-179.774841,179.532074,1364.490356
69.626579,513.115906,1738.890015,-56.944462,252.77179,1129.393921,2.189307,186.057648,1400.3302,-180.301895,179.233398,1364.226074
79.30201,517.010986,1738.090576,-57.592697,252.756775,1129.210815,1.718767,186.427689,1400.410034,-180.675049,178.886139,1364.083984
89.556076,521.334473,1736.97583,-58.247929,252.634857,1129.111938,1.529577,186.935974,1400.47937,-181.066742,178.525818,1363.91272
100.543533,525.624512,1735.214966,-59.004414,252.551727,1128.992554,1.135352,187.225693,1400.478149,-181.49617,178.145157,1363.707642
112.134094,530.024536,1732.971558,-59.675743,252.538269,1128.88208,0.909679,187.803009,1399.985352,-181.940277,177.789276,1363.466431
124.220604,534.444092,1730.115723,-60.291752,252.618378,1128.929688,0.046643,188.93782,1401.102539,-182.265686,177.430328,1363.038696
136.808167,538.817322,1726.827271,-61.126591,252.617783,1128.685059,-0.44553,189.367813,1401.128296,-182.820877,176.984467,1363.000977
149.771698,543.185852,1722.812744,-61.933331,252.621628,1128.546265,-0.947536,189.876877,1401.2323,-183.17955,176.580612,1362.611206
163.077011,547.830994,1717.828003,-62.788761,252.584106,1128.387695,-1.524197,190.348328,1401.387939,-183.516815,176.269257,1362.620605
176.476685,552.297546,1712.180054,-63.58979,252.608536,1128.269775,-2.108239,190.833679,1401.476196,-184.079422,175.726074,1362.140747
190.180954,556.634033,1705.721436,-64.437927,252.592239,1128.165405,-2.626521,191.262177,1401.436279,-184.688187,175.13382,1362.083374
203.587997,560.916016,1698.509033,-65.306717,252.59462,1128.049072,-3.317984,191.550293,1401.664795,-184.915985,174.573578,1361.572388
217.045639,565.160828,1690.674438,-66.11808,252.592987,1127.938843,-3.843453,192.245728,1401.620605,-185.427521,174.092377,1361.349121
230.043427,569.162781,1682.029297,-66.972145,252.572083,1127.844482,-4.460038,192.709717,1401.881958,-185.816559,173.704285,1361.288696
243.512207,573.40802,1671.953613,-67.767548,252.580551,1127.730713,-5.028033,193.110275,1401.784668,-186.314835,173.219681,1361.04248
256.20993,576.99231,1661.930176,-68.583183,252.584778,1127.660889,-5.680885,193.936752,1401.599243,-186.799469,172.749237,1360.776855
268.160156,580.181091,1651.43396,-69.270706,252.659592,1127.522461,-6.250034,193.912201,1401.555542,-187.367325,172.152054,1360.340942
280.325287,582.869446,1639.778076,-70.079262,252.724594,1127.575073,-7.012537,194.587601,1401.4104,-187.727249,171.313309,1360.032715
291.100494,585.376221,1628.307129,-70.763031,252.704742,1127.501099,-7.276564,195.120743,1401.159546,-187.975739,170.817307,1359.896606
301.779327,587.382813,1615.663574,-71.511292,252.805084,1127.578369,-7.835766,195.564682,1401.140503,-188.360504,170.394455,1359.696655
311.917572,588.939331,1602.449707,-72.096771,252.812927,1127.500488,-8.302732,195.989059,1401.066406,-188.714096,170.022842,1359.508301
321.132904,590.140442,1588.871094,-72.590469,252.812714,1127.389526,-8.435961,196.54628,1400.630981,-189.021729,169.676834,1359.31543
329.233063,590.923706,1575.040405,-73.033051,252.845169,1127.311279,-8.761344,196.732697,1400.430664,-189.457748,169.383591,1358.993652
336.224335,591.46814,1561.038696,-73.376503,252.812363,1127.178467,-9.172495,197.230972,1400.255859,-189.694733,169.124252,1358.814209
342.100281,591.809631,1546.752808,-73.685707,252.841385,1127.094116,-9.70608,197.411591,1400.339355,-189.757095,168.918701,1358.775391
346.506561,592.071045,1532.447998,-73.863365,252.797546,1126.923218,-9.711301,197.795898,1399.735596,-189.914276,168.737534,1358.619995
350.61441,592.07312,1517.55481,-74.055428,252.836975,1126.847778,-9.990545,198.016541,1399.71167,-190.005325,168.60434,1358.500977
352.801239,591.744141,1502.8302,-74.164917,252.887131,1126.745605,-9.9118,198.403259,1399.278442,-190.02269,168.500717,1358.414673
354.535889,591.536499,1488.073853,-74.242889,252.958359,1126.678955,-9.919201,198.799789,1399.06665,-189.975784,168.459412,1358.347046
355.004211,591.17865,1473.222412,-74.279366,253.026779,1126.638794,-9.926473,198.907654,1398.844238,-189.915573,168.466522,1358.292847
354.348297,590.628906,1457.904785,-74.241562,253.108704,1126.609009,-9.76558,199.122162,1398.455811,-189.827469,168.510803,1358.24231
352.086914,590.780273,1443.629272,-74.121094,253.181046,1126.571167,-9.400289,199.232971,1397.852173,-189.717972,168.603302,1358.186646
349.565887,589.495789,1427.27832,-73.933678,253.263123,1126.552368,-9.285087,199.542786,1397.55896,-189.589737,168.734528,1358.143433
345.528351,589.647766,1412.657104,-73.693726,253.356522,1126.540771,-9.13686,199.461502,1397.324341,-189.405518,168.883591,1358.108887
340.60025,589.221008,1397.555908,-73.419357,253.4478,1126.528809,-8.830458,199.473251,1396.976685,-189.153214,169.080124,1358.097778
334.603516,588.928833,1382.776001,-73.08638,253.555115,1126.523193,-8.02172,199.595184,1396.134399,-188.798523,169.266418,1358.109375
327.814178,588.165588,1368.040649,-72.69574,253.654007,1126.515137,-7.694046,199.583115,1396.080811,-188.524979,169.465134,1358.027588
319.516388,587.32782,1353.476074,-72.263763,253.815643,1126.536499,-6.926609,198.848267,1395.465698,-188.063904,169.698364,1358.11377
310.12674,586.530884,1339.111694,-71.780602,253.954254,1126.570923,-6.624622,199.282639,1395.653564,-187.457703,169.929626,1358.288696
299.657379,585.419617,1324.816406,-71.231644,254.071884,1126.61084,-5.941087,199.113968,1395.544434,-187.008926,170.181824,1358.375732
287.931427,583.950562,1310.980591,-70.633469,254.152237,1126.651123,-5.466122,199.042313,1395.633057,-186.571442,170.417099,1358.446655
275.590088,582.29895,1297.508057,-69.978577,254.22287,1126.700806,-4.917061,198.47049,1395.574829,-186.249435,170.644608,1358.359375
262.413727,580.475586,1284.756714,-69.269386,254.367172,1126.779297,-4.356441,198.026871,1395.411133,-185.942657,171.505173,1358.810059
248.506805,578.500366,1272.839233,-68.528069,254.543182,1126.868042,-3.80565,197.603485,1395.228638,-185.367462,171.484283,1358.438599
233.947876,576.418762,1261.714233,-67.714157,254.677979,1126.985229,-3.129837,197.350143,1394.848511,-184.815842,171.735504,1358.463135
218.688934,573.733704,1251.452026,-66.884804,254.730194,1127.057251,-2.412037,196.636383,1394.696533,-184.280579,171.975861,1358.449829
202.74556,571.014893,1241.998169,-66.078835,254.774445,1127.140503,-1.688688,196.207245,1394.46106,-183.630478,171.933228,1358.431519
186.583313,568.316772,1234.256104,-65.209938,254.814774,1127.257202,-0.927939,195.931305,1394.016235,-183.144547,172.516296,1358.507568
169.895844,565.368958,1227.522949,-64.23864,254.86145,1127.479248,-0.320953,195.314545,1393.84314,-182.550888,172.794403,1358.561523
153.180161,562.250977,1222.168579,-63.302689,254.842789,1127.626587,0.439756,194.413254,1393.581299,-181.983856,173.105682,1358.628052
135.892242,558.970154,1218.091309,-62.427338,254.720993,1127.735596,1.122736,193.995514,1393.422852,-181.761932,173.486191,1359.201782
118.130066,555.878601,1215.699341,-61.545708,254.598679,1127.907715,1.818511,193.229309,1392.751831,-181.29837,173.818619,1359.516357
99.969093,552.414063,1214.56665,-60.63089,254.4711,1128.159668,2.31505,192.551575,1392.493164,-180.176315,174.07309,1359.017334
81.965042,548.728577,1214.394409,-59.889557,254.430923,1128.437744,3.30437,192.03363,1392.353638,-179.550232,174.48465,1359.270996
63.504383,544.751038,1215.588867,-59.014271,254.312195,1128.718994,4.473298,191.924026,1392.461182,-178.92424,174.925735,1359.516846
45.1161,540.650818,1218.123779,-58.339172,254.344315,1129.305054,5.035978,191.230667,1392.635864,-178.282364,175.314865,1359.798584
27.171534,536.378967,1222.174561,-57.849667,254.26445,1129.940063,5.495913,190.291138,1392.158447,-177.673889,175.543655,1360.146729
9.778589,532.119873,1227.474609,-57.128544,254.353638,1130.280762,6.322301,190.014587,1391.927368,-177.076904,175.953125,1360.478271
-7.557428,528.549011,1234.805176,-56.60775,254.507446,1130.790771,6.914683,189.265427,1392.084839,-176.530579,176.293167,1360.761597
-23.830263,524.303345,1243.053345,-55.845364,254.455658,1130.931519,7.451957,188.85881,1392.09436,-176.029648,176.606918,1361.053101
-39.473614,520.585022,1252.960938,-56.009483,255.264465,1131.892456,8.223203,188.431732,1391.990234,-175.548019,176.910446,1361.343384
-54.256836,516.920349,1264.005127,-52.810062,253.401779,1128.653931,8.621058,188.584152,1392.019409,-175.121384,177.141083,1361.61084
-68.483131,512.857178,1276.02478,-51.99361,253.052795,1128.697021,8.953093,187.950302,1391.709473,-174.751007,177.371811,1361.874878
-81.7342,509.376038,1289.405273,-51.552856,252.955643,1128.814087,9.144481,187.778763,1391.935913,-174.496857,177.571075,1362.134155
-94.211143,506.270813,1303.98291,-51.058849,253.128235,1129.288696,9.635747,188.047455,1392.029297,-174.27417,177.759308,1362.375366
-105.64959,503.529297,1319.639404,-51.610741,253.036438,1129.953003,9.716836,187.717865,1391.862183,-174.055084,177.942703,1362.63562
-116.094627,500.625488,1335.551392,-51.654613,252.897858,1130.274902,10.075271,188.004379,1392.251587,-173.848404,178.120514,1362.885376
-125.216064,497.902893,1351.834595,-51.825836,252.931,1130.630493,10.118758,188.035141,1392.508789,-173.647217,178.280182,1363.136108
-132.929626,495.400574,1368.070435,-51.774788,252.853302,1130.685425,10.528402,188.32428,1392.359009,-173.446716,178.442825,1363.385498
-139.965393,493.342499,1385.127808,-51.615063,252.631866,1130.489746,10.627847,188.305649,1392.364136,-173.075897,178.639816,1363.333618
-145.717789,491.542694,1402.287231,-51.729355,252.593185,1130.566406,11.283775,187.976044,1392.163574,-173.069778,178.686783,1363.787598
-151.410629,490.326691,1420.477295,-51.858715,252.578354,1130.588745,10.825724,188.941132,1392.560669,-172.919983,178.774841,1363.953613
-154.337891,489.186798,1437.207397,-51.969765,252.512573,1130.442017,11.485025,188.336853,1392.250854,-172.820297,178.819946,1364.087036
-156.978836,488.26593,1453.858765,-52.176708,252.81781,1130.394897,11.474126,188.578003,1392.265015,-172.775894,178.824844,1364.186035
-158.551727,488.403503,1471.597046,-52.597824,252.679352,1130.366089,11.297199,188.736221,1392.313965,-173.433624,178.921875,1365.143188
-159.093658,488.352509,1488.701172,-53.051834,252.724075,1130.287476,11.249077,189.245132,1392.828003,-173.35498,179.088013,1364.819824
-158.453766,489.174683,1505.754517,-53.705498,252.665131,1129.704224,10.667522,189.634155,1393.163574,-173.393845,178.941025,1364.73999
-157.582108,490.079651,1522.80188,-54.197563,252.911301,1130.014404,9.964578,190.493973,1393.684326,-173.585709,178.719421,1364.83667
-155.208221,491.241028,1538.739258,-54.970673,252.919189,1129.810059,9.048039,191.371948,1394.259766,-173.7202,178.55452,1364.683472
-151.330597,493.11557,1555.610596,-55.600906,253.096222,1129.803223,8.825656,191.377762,1394.120972,-174.017136,178.268661,1364.632813
-147.368317,494.971497,1571.307007,-56.254318,253.207565,1129.895508,8.391062,192.070038,1394.962036,-174.552475,177.998642,1364.824585
-142.082855,496.984039,1586.349365,-57.085308,253.325638,1129.740356,7.344647,193.108673,1396.494385,-175.084,177.637756,1364.766479
-135.726929,499.19165,1601.396606,-57.995419,253.469467,1129.637085,5.83741,194.200317,1396.069336,-176.258835,177.513214,1364.961426
-128.820129,501.827881,1616.150024,-58.995167,253.597107,1129.395264,5.669793,194.529907,1396.311401,-185.637711,168.636658,1369.034668
-121.264503,504.288147,1630.106812,-59.934166,253.65007,1129.243286,5.407244,195.204849,1397.685181,-185.439301,167.463943,1367.745728
-112.912735,506.720734,1643.439697,-60.898663,253.719635,1129.097168,4.634444,195.735886,1398.13916,-185.978973,166.85025,1367.598755
-103.926414,509.419739,1656.073975,-61.946484,253.909683,1129.008667,3.721924,195.996246,1398.657227,-177.885696,174.426071,1364.185791
-94.258347,512.019958,1668.252197,-62.972977,254.118286,1128.918701,2.655201,196.532776,1399.243286,-178.660248,174.546143,1363.955322
-83.875114,514.939087,1679.675049,-64.001144,254.247665,1128.79834,1.563081,196.695923,1399.947021,-179.410492,173.982407,1363.87793
-73.110016,517.585815,1690.163086,-65.070366,254.47998,1128.722046,-0.149444,200.686829,1402.077881,-180.158463,173.423126,1363.604614
-62.074917,520.128113,1700.171753,-66.185875,254.615158,1128.554565,-0.878981,201.072815,1402.156738,-180.942062,172.818848,1363.514771
-50.875042,522.75885,1709.344849,-67.285934,254.779816,1128.382813,-1.783468,201.471771,1402.565186,-181.771896,172.16037,1363.396362
-39.125599,525.046936,1717.949951,-68.376213,254.927994,1128.212769,-2.760064,202.051346,1402.832764,-182.542313,171.723175,1363.475952
-27.4471,527.356262,1725.641602,-69.531075,255.124512,1128.122925,-3.532004,201.144806,1402.476807,-183.506058,170.866211,1363.09668
-16.052071,529.715759,1732.268921,-70.693268,255.258408,1127.939819,-4.598308,201.360565,1402.787598,-184.271194,170.506485,1363.205688
-4.667203,531.924866,1738.290039,-71.777557,255.487762,1127.820557,-5.61383,200.428543,1402.151123,-185.063049,169.934265,1363.032349
6.68089,534.055908,1743.565674,-72.921043,255.671982,1127.621216,-6.57312,200.704681,1402.378174,-185.865158,169.355423,1362.911133
17.566847,536.225525,1748.262207,-74.021439,255.938385,1127.514771,-7.363056,200.852524,1402.57666,-186.415878,168.230667,1362.524658
27.928652,538.78241,1751.967041,-74.945389,256.170837,1127.428589,-8.117381,200.866028,1402.838379,-187.083588,167.731293,1362.345093
37.374786,540.92157,1755.228027,-75.882759,256.33963,1127.239014,-8.950614,201.119919,1403.171021,-187.672745,167.113968,1361.844727
46.59449,542.974976,1758.130249,-76.760612,256.556671,1127.094116,-9.70532,201.389359,1403.470337,-188.124207,166.811279,1361.850708
54.702545,545.0979,1760.242065,-77.542229,256.768585,1127.058472,-10.378606,201.555298,1403.650146,-188.673828,166.499512,1361.720703
61.706139,547.277344,1761.750122,-78.171883,256.972534,1126.989868,-10.916123,201.778793,1403.839844,-189.108398,166.282791,1361.596558
67.967682,549.247314,1763.431641,-78.684792,257.15921,1126.906372,-11.35583,201.984192,1403.983154,-189.443924,166.179459,1361.511353
72.835701,550.954712,1764.141357,-79.084068,257.326569,1126.838989,-11.670238,202.123978,1404.068115,-189.695633,166.145004,1361.442749
76.261429,552.602722,1764.443237,-79.361618,257.47757,1126.819824,-11.845778,202.22551,1404.118286,-189.855881,166.166168,1361.412109
79.000137,553.548706,1764.606079,-79.490944,257.596985,1126.817383,-11.908629,202.295319,1404.15979,-189.919373,166.253967,1361.420776
79.667549,554.673767,1764.216919,-79.498154,257.690887,1126.838501,-11.857844,202.317886,1404.18335,-189.906723,166.399307,1361.483643
78.95681,555.575378,1763.356689,-79.385597,257.762909,1126.879395,-11.684486,202.29483,1404.215332,-189.797913,166.585693,1361.595215
77.287651,556.027161,1762.312988,-79.159744,257.819244,1126.932007,-11.428527,202.208527,1404.215088,-189.730515,166.720901,1361.576416
74.339485,556.302795,1760.993652,-78.824646,257.88028,1127.011475,-11.057914,202.106415,1404.211426,-189.381409,167.060577,1361.88501
69.966293,556.628174,1759.006348,-78.402321,257.937103,1127.108276,-10.64529,201.993591,1404.177124,-189.071457,167.346512,1362.049683
64.691284,556.709595,1756.748169,-77.905258,258.000183,1127.201538,-10.145758,201.832062,1404.111694,-188.715302,167.666901,1362.206055
58.617294,556.331116,1754.241943,-77.319359,258.04068,1127.248901,-9.635707,201.653061,1404.009033,-188.338608,168.001602,1362.372192
51.645226,555.791016,1751.190308,-76.620422,258.066833,1127.31665,-9.042235,201.422638,1403.842651,-187.90004,168.353394,1362.504028
43.946243,555.133423,1747.709351,-75.828003,258.121826,1127.43457,-8.37906,201.166595,1403.658936,-187.554398,168.724609,1362.527222
35.929153,553.98645,1743.936646,-74.924416,258.190765,1127.619507,-7.727807,201.049484,1403.482422,-186.92244,169.198761,1362.812988
27.56403,552.64447,1739.729126,-74.061623,258.169403,1127.670044,-7.035082,200.905167,1403.301514,-186.398102,169.66777,1362.966553
18.531916,551.05719,1735.181396,-73.114532,258.220642,1127.736572,-6.282056,200.663986,1403.069336,-185.782028,170.180054,1363.145386
9.185603,549.220581,1730.118164,-72.090927,258.244904,1127.848511,-5.43852,200.363052,1402.778564,-185.118851,170.697342,1363.333008
-0.381716,546.73999,1724.6604,-71.068748,258.334167,1128.033936,-4.687797,200.181534,1402.54541,-184.455231,171.220474,1363.499878
-9.811293,544.380493,1718.759766,-70.077377,258.38324,1128.140991,-3.757399,200.109741,1402.360352,-183.896957,171.797318,1363.58606
-19.076149,541.771545,1712.316162,-69.047562,258.486725,1128.243164,-2.856371,199.922028,1402.17627,-183.034683,172.358337,1363.89563
-27.824968,538.748474,1705.252319,-68.042099,258.542725,1128.356934,-2.070265,199.763931,1401.979614,-182.310165,172.92543,1364.101563
-36.597179,535.557678,1697.777222,-67.078949,258.67923,1128.497437,-1.23396,199.535583,1401.857666,-181.746368,173.982071,1364.446045
-45.067093,532.208801,1689.641235,-66.079979,258.779724,1128.536255,-0.187512,199.137253,1401.434937,-181.079102,174.148239,1364.372437
-53.262123,528.565186,1681.081421,-65.061234,258.909546,1128.619263,0.68478,198.48558,1401.257446,-180.276871,174.751602,1364.531982
-61.205189,525.040161,1671.819824,-64.152588,259.080139,1128.692627,1.650996,197.763428,1400.744141,-179.884567,175.629135,1364.880127
-68.814674,521.335449,1661.996826,-63.227207,259.269623,1128.758545,2.316804,197.423889,1399.928467,-178.987335,176.302704,1364.901245
-76.090935,517.529907,1651.6698,-62.517666,259.378906,1128.596558,3.121229,196.676285,1398.401855,-178.935303,176.998428,1365.301514
-83.134605,513.614258,1640.824219,-61.517635,259.725128,1128.887085,5.139598,195.81572,1398.567017,-178.34433,177.556885,1365.269165
-89.606987,509.816589,1629.396362,-60.55341,259.967163,1129.139526,5.716603,195.729462,1398.372681,-177.841171,178.187561,1365.140259
-95.695679,505.931152,1617.491333,-59.775913,260.191681,1129.215698,6.457802,195.310913,1397.944336,-177.002304,178.620773,1365.432861
-101.261024,502.151855,1605.028442,-59.227863,260.262207,1128.966431,7.756745,194.730606,1396.954834,-176.877319,179.480118,1365.301758
-106.705688,498.133545,1592.172729,-58.3433,260.646606,1129.280273,7.940686,194.137009,1396.169556,-176.673157,180.100174,1365.343872
-111.677879,494.301514,1578.995605,-57.727982,260.820374,1129.329834,8.303635,193.513474,1395.831421,-175.678894,180.296844,1364.721924
-115.824028,490.668823,1565.405273,-57.17384,261.018158,1129.396362,8.519159,193.319977,1395.240845,-176.298508,181.290665,1365.464966
-119.283974,487.384094,1551.466675,-56.663483,261.299805,1129.427856,8.156533,193.374359,1395.787476,-175.835114,181.681549,1365.115845
-122.083794,484.428833,1537.573608,-56.207272,261.596527,1129.438721,8.620127,192.866165,1395.043701,-175.417694,181.958038,1364.871582
-123.922173,481.521515,1523.622681,-56.088383,261.474915,1129.311279,8.74265,193.030594,1395.167236,-175.053406,182.272919,1364.649048
-125.027359,479.033783,1509.037598,-55.478966,261.732056,1129.652466,8.362034,193.916367,1395.33252,-174.885925,182.576553,1364.053223
