x,y,z
4.005000035572006,-13.441270843115204,0.041099922134244855
4.138877638318839,-13.416666564853871,0.04179846906198106
4.272495199679452,-13.390694445149588,0.04251715492058333
4.4058387919158895,-13.363355496358057,0.04325661531947314
4.538894502385562,-13.334650873665757,0.044017554752836044
4.671648433542009,-13.304581875089799,0.04480074659962564
4.8040867029349,-13.273149941477927,0.04560703312356354
4.936195443210783,-13.240356656508334,0.04643732547314417
5.067960802110085,-13.20620374669041,0.04729260368161576
5.199368942471613,-13.17069308136362,0.04817391666700865
5.330406042229555,-13.133826672698248,0.04908238223211654
5.461058294414224,-13.095606675695217,0.050019187064501175
5.5913119071520665,-13.056035388186082,0.05098558673649232
5.721153103666392,-13.015115250832793,0.05198290570519351
5.850568122274429,-12.972848847128638,0.05301253731245922
5.979543216391748,-12.92923890339685,0.05407594378492886
6.10806465452931,-12.884288288791522,0.055174656234004305
6.236118720294208,-12.83800001529738,0.05631027465585541
6.363691712389658,-12.79037723772979,0.0574844679314201
6.490769944615013,-12.741423253734746,0.05869897382640429
6.6173397458664684,-12.691141503788593,0.0599555989912892
6.743387460134193,-12.639535571199168,0.06125621896130254
6.868899446506644,-12.586609182104093,0.06260277815646133
6.993862079167689,-12.5323662054719,0.0639972898815436
7.118261747397323,-12.476810653101765,0.06544183632609538
7.242085006221464,-12.419946696999125,0.06694082299430831
7.365318494730841,-12.361778621078487,0.06849915340298744
7.487948591848508,-12.302310792283404,0.07011740907315366
7.609961689631837,-12.24154772059859,0.07179645764087415
7.731344197652853,-12.179494059787187,0.0735375224307031
7.852082542998932,-12.116154607390452,0.07534218245569034
7.972163170272804,-12.051534304727744,0.07721237241738134
8.091572541593225,-11.985638236896152,0.07915038270582847
8.21029713659227,-11.918471632771999,0.08115885939954652
8.328323452419406,-11.850039865008597,0.0832408042655788
8.445638003738772,-11.780348450037732,0.0853995747594534
8.562227322729855,-11.709403048069298,0.08763888402519415
8.6780779590875,-11.6372094630913,0.0899628008953205
8.793176480022549,-11.563773642869426,0.09237574989086152
8.907509470259242,-11.489101678948726,0.09488251122130058
9.021063532039136,-11.41319980665111,0.09748822078465759
9.13382528511848,-11.336074405077005,0.10019837016743463
9.245781366768876,-11.25773199710495,0.10301880664462948
9.356918431777279,-11.17817924939159,0.10595573317973553
9.467223152446,-11.097422972371675,0.10901570842474186
9.576682218593314,-11.015470120257593,0.11220564672015174
9.68528233755099,-10.932327791041242,0.11553281809490934
9.79301023416802,-10.848003226491231,0.11900484826650848
9.899852650808116,-10.762503812154739,0.12262971864092084
10.005796347350348,-10.67583707735705,0.12641576631261384
10.110828101189137,-10.58801069520156,0.13037168406455052
10.214934707234844,-10.499032482569257,0.1345065203682136
10.318102977911412,-10.40891040012076,0.13882967938351048
10.420319743159911,-10.317652552293282,0.14335092095891416
10.521571850436173,-10.225267187302642,0.14808036063137037
10.621846164711378,-10.131762697142769,0.15302846962632044
10.721129568472062,-10.037147617585696,0.15820607485770133
10.819408961720663,-9.941430628181017,0.16362435892797725
10.916671261973306,-9.844620552258071,0.16929486012801503
11.012903404263142,-9.746726356922672,0.17522947243726866
11.108092341138113,-9.647757153059281,0.18144044552365787
11.202220998919998,-9.547722712900722,0.1879746921678025
11.29527216067983,-9.446632823232859,0.19488061058299186
11.387234431316836,-9.344496580370121,0.20215710739633583
11.478096047947039,-9.241323275334123,0.20980607090604214
11.567844850895138,-9.137122397794993,0.21783261727052727
11.656468283692414,-9.031903636073698,0.22624509050825292
11.743953393077247,-8.925676877141457,0.23505506249776661
11.830286828995124,-8.818452206619748,0.24427733297770135
11.915454844598642,-8.710239908780302,0.2539299295467759
11.999443296247968,-8.601050466544486,0.2640341076638534
12.082237643508954,-8.490894561485783,0.2746143506477091
12.163822949155985,-8.379783073826076,0.28569836967737494
12.244183879170077,-8.267727082438121,0.2973171037919121
12.323304702739343,-8.15473786484493,0.3095047198904678
12.401169292259008,-8.040826897219771,0.32229861273227456
12.47776112333183,-7.926005854385512,0.335739404936729
12.55306327476637,-7.810286609817238,0.3498709469830826
12.627058428579602,-7.6936812356383335,0.3647403172108994
12.69972886999517,-7.57620200262309,0.38039782181975473
12.77105648744382,-7.457861380196055,0.39689699486930957
12.841022772563402,-7.338672036432031,0.4142945982793105
12.909608820199262,-7.218646838055392,0.4326506218296968
12.976795328402677,-7.097798850442819,0.4520282831601782
13.04256259843321,-6.976141337619201,0.4724940277708597
13.10689053475713,-6.853687762260365,0.4941175290218304
13.169758645047812,-6.730451785692393,0.5169716881332656
13.23114604018574,-6.606447267891625,0.5411326341854252
13.291031434258834,-6.481688267483943,0.5666797241188051
13.3493931445611,-6.356189041747613,0.5936955427335469
13.406209091594683,-6.229964046609037,0.6222659026903095
13.461456799068483,-6.103027936645576,0.6524798445096955
13.5151133938985,-5.975395565084849,0.6844296365723945
13.567155606207852,-5.847081983804726,0.7182107751191804
13.617559769326746,-5.718102443333338,0.7539219842509135
13.666301819792778,-5.588472392848334,0.7916652159287598
13.713357297349818,-5.458207480179826,0.8315456499733225
13.758701344949678,-5.327323551805978,0.8736716940659272
13.802308708750992,-5.195836652855942,0.9181549837477763
13.844153738119497,-5.063763027109127,0.9651103824201585
13.88421038562804,-4.931119116995198,1.014655981344448
13.922457921728066,-4.797924006762892,1.0667375742800493
13.958890839100887,-4.664205333033652,1.1207528129004567
13.993469575592437,-4.529979489103797,1.177007702097112
14.026148820200014,-4.395262002945999,1.235918658540667
14.056881698800039,-4.260069207533829,1.2978889578942892
14.085619774148066,-4.124418240841764,1.3633087348136625
14.112313045878915,-3.988327045844407,1.4325549829473931
14.136909950506087,-3.8518143705195853,1.5059915549354117
14.159357361422677,-3.7148997678437086,1.583969162411334
14.179600588900739,-3.5776035957948618,1.6668253760009089
14.197583380091462,-3.439947017352031,1.7548846253224024
14.213247919025159,-3.3019520004951053,1.8484581989865965
14.226534826611342,-3.163641318204088,1.9478442445973712
14.237383160638426,-3.0250385484622457,2.053327768749413
14.245730415774194,-2.886168074251388,2.165180637031601
14.251512523565463,-2.7470550835550127,2.2836615740247823
14.254663852438187,-2.607725569357519,2.4090161633023204
14.255117207697442,-2.4682063296442096,2.5414768474300953
14.252803831527435,-2.328524967401288,2.6812629279665026
14.24765340299146,-2.1887098906150655,2.8285805654633154
14.239594038032036,-2.0487903122751407,2.983622779462287
14.228552289470727,-1.90879625036963,3.14656944850018
14.214453147008246,-1.768758527888345,3.3175873101054556
14.197220037224438,-1.6287087728220024,3.4968299607990905
14.17677482357827,-1.4886794181622185,3.68443785609458
14.153037806407694,-1.3487037019007175,3.880538310499074
14.125927722930202,-1.2088156670325136,4.085245497508868
14.09536174724202,-1.0690501615511327,4.2986604496161
14.061255490318626,-0.9294428384518034,4.520871058304325
14.023523000014622,-0.7900301557306513,4.751952074049621
13.982076761063745,-0.6508493763847083,4.9919651063205785
13.936827695078584,-0.511938568411118,5.240958623579749
13.88768516055164,-0.3733366048102962,5.4989679532779245
13.834556952853783,-0.2350831635811863,5.766015281862638
13.777349304235251,-0.09721872772442985,6.042109654772544
13.715966883825416,0.04021541475843282,6.32724697643882
13.650312797632772,0.17717717086495632,6.621410010285153
13.580288588544533,0.3136236425925736,6.9245683787295
13.505794236328246,0.44951112693547834,7.236678563177135
13.4267281576294,0.5847951158893032,7.557683904030995
13.343004983049832,0.7194303906425659,7.887431843847889
13.25463125437362,0.8533694227429484,8.225015917114387
13.161534957520008,0.9865609259106121,8.569415099778263
13.063641773237308,1.1189536978686603,8.919601313362138
12.960893624215515,1.250496970778006,9.274488714942859
12.85324867508868,1.3811404112343864,9.63293369714341
12.7406813324314,1.5108341202728486,9.993734888145028
12.623182244761121,1.6395286333647547,10.355633151679141
12.500758302537585,1.7671749204185312,10.717311587029393
12.37343263816281,1.8937243857796695,11.077395529031616
12.241244625980336,2.0191288682314346,11.434452548075878
12.104249882278259,2.1433406409920206,11.786992450098362
11.962520265284716,2.26631241171883,12.133467276593557
11.81614387517087,2.3879973225056115,12.472271304606117
11.665225054050163,2.508348949883179,12.801741046732907
11.509884385978332,2.6273213048194135,13.120155251122988
11.35025869695247,2.744868832719921,13.425734901479323
11.186501054914695,2.8609464134253733,13.716643217051907
11.018780769746698,2.975509361215516,13.990985652648185
10.84728339327335,3.0885134248064867,14.246809898626037
10.672210719261809,3.1999147873514877,14.482105880895546
10.493780783421514,3.309670066440786,14.694805760919
10.312195452237752,3.4177462072284044,14.882663612213557
10.127623072600425,3.5241423836106938,15.043669384110078
9.940414203763531,3.62882616999918,15.177132884021942
9.750927578952489,3.7317646912445968,15.282572632038816
9.559512782674453,3.832928837840186,15.359625870663942
9.366510250718315,3.9322932659217016,15.408048564814145
9.172251270154707,4.029836397267407,15.427715401819821
8.977057979334884,4.125540419298615,15.418619791424819
8.781243367895165,4.219391285077522,15.3808738657868
8.585111276750284,4.3113787133104715,15.314708479476925
8.388956398097818,4.401496188345769,15.220473209479914
8.193064275417079,4.48974096017423,15.098636355194055
7.997711303469119,4.576114044429179,14.949784938431218
7.80316472829562,4.660620222386928,14.774624703415784
7.609682647223318,4.743268040964862,14.573980116788773
7.417514008857364,4.824069812724324,14.34879436760187
7.226898613085757,4.9030416158686805,14.10012936732126
7.038067111078227,4.9802032942438075,13.829165749826702
6.85124100528625,5.055578457338095,13.537202871411536
6.6666326494419845,5.129194480282852,13.225658810780859
6.484445248562478,5.20108250385065,12.896070369058714
6.3048728589433525,5.271277434457833,12.55009306977746
6.12814256914959,5.339799367876559,12.190248325578942
5.954493223948333,5.406635705705328,11.820461244595222
5.783989008933009,5.471820064765423,11.442657531788004
5.6166768680148795,5.5353882908001255,11.058572399256603
5.452594945600818,5.597375481918951,10.669872878295722
5.291772586587602,5.657815988599826,10.27815781938234
5.134230336365742,5.716743413687626,9.884957892184406
4.979979940818513,5.774190612394544,9.49173558555869
4.829024346321961,5.830189692300091,9.09988520755077
4.6813576997449,5.884772013351098,8.71073288539504
4.536965348448098,5.937968187862009,8.325536565512527
4.395823840287551,5.9898080805136855,7.945486013519635
4.2579009236095455,6.040320808355215,7.5717028142149925
4.123155547253968,6.089534740802699,7.205240371588241
3.991537860553477,6.137477499639555,6.847083908817836
3.862989213333496,6.184175959016519,6.498150468271047
3.7374421559115127,6.2296562454519,6.159288911502058
3.6148204390999155,6.273943737830552,5.831279919259618
3.495039014201712,6.317063067405427,5.514835991475476
3.378004019869181,6.359038119994228,5.210601259457312
3.263552551201077,6.399902470229537,4.918176677434666
3.1515328787513663,6.439687515370131,4.636905905033255
3.041855275412787,6.478413760243016,4.366884503359962
2.9344290986651824,6.516101112750605,4.1081612558961424
2.829162790571758,6.552768883872037,3.860738168488412
2.7259638777815915,6.58843578766229,3.6245704693548557
2.6247389715290006,6.623119941252405,3.3995666090834558
2.5253937676335436,6.656838864849486,3.185588260632096
2.4278330464994715,6.689609481736883,2.9824503193274334
2.3319606731179316,6.721448118273454,2.7899209028694587
2.2376795970636465,6.752370503894678,2.607721351324566
2.1448918524971368,6.782391771111912,2.435526227130238
2.0534985581641654,6.811526455512571,2.272963315093852
1.963399917395735,6.839788495760138,2.1196136223926887
1.874495218108089,6.867191233594156,1.9750113785739263
1.7866828328022162,6.893747413830378,1.8386440355538909
1.6998763405163642,6.919467789892275,1.7100558251095157
1.614042032093103,6.944357889482842,1.589118371766674
1.5291263519605403,6.968424588433117,1.475581187495517
1.4450741268480638,6.991674712954361,1.369168235612723
1.3618308430465218,7.014114846056483,1.2695918163574866
1.2793426464077569,7.035751327548156,1.176552566891006
1.1975563423464761,7.056590254036335,1.0897394612985623
1.1164193958374382,7.076637478926991,1.0088298105863485
1.035879931417334,7.095898612424616,0.9334892626836203
0.955886733184314,7.114379021532347,0.8633718024421475
0.8763892447979907,7.13208383005197,0.7981197516362175
0.7973375694789877,7.149017918584007,0.7373637689622976
0.7186835633738211,7.16518582216495,0.6807315551239899
0.6403987655389971,7.180590029445072,0.6280000014009368
0.5624630099781351,7.195232105504381,0.5790181580216868
0.48485477843476815,7.209113718630906,0.5336183143527162
0.40755263917060736,7.222236515963516,0.4916257554341584
0.33053524696510533,7.234602123491991,0.4528587619795911
0.25378134311720574,7.246212146056739,0.4171286103769001
0.1772697554427164,7.257068167349225,0.3842395726869586
0.10097939827606206,7.2671717499116815,0.35398891664452536
0.024889272469845514,7.276524435137182,0.32616690565801554
-0.051021534605151464,7.285127743269639,0.3005567988095011
-0.1267738490599689,7.292983173403807,0.27693485085471037
-0.20238839894172408,7.3000922023944215,0.2550704243570287
-0.2778738169977262,7.30645515832244,0.23484389629952757
-0.3532293920120805,7.31207151954257,0.2162252958952219
-0.4284598797856346,7.316941327671688,0.19912911318649074
-0.5035699636865704,7.3210646626835505,0.18346724690503427
-0.5785642546504046,7.324441642908794,0.16914900447187398
-0.6534472911804136,7.327072425034946,0.1560811019972817
-0.728223539345932,7.328957204106373,0.14416766428106936
-0.802897392784906,7.330096213524364,0.13331022481214447
-0.8774731727021906,7.330489725047072,0.1234077257688134
-0.9519551278699753,7.3301380487895305,0.11435651801870375
-1.0263474346277839,7.32904153322365,0.10605036111876431
-1.100651605594684,7.327200336271729,0.09840876707435998
-1.174862544046993,7.324614085704757,0.09142134687683284
-1.2489775911290553,7.321282690004847,0.08505003433221384
-1.3229941929880145,7.317206131546978,0.07925430445856509
-1.3969097489917965,7.312384453134952,0.07399282396990703
-1.470721611729109,7.3068177580013876,0.06922345127621848
-1.54442708700986,7.300506209807695,0.06490323648341317
-1.618023433863482,7.2934500326442135,0.06098842139343547
-1.6915078645414465,7.285649511029999,0.05743443950411336
-1.7648775445155875,7.2771049899129645,0.05419591600925898
-1.8381293236579817,7.2678168521419515,0.05122983480147659
-1.9112573883055535,7.257785323336369,0.04852339123405367
-1.9842559319207185,7.247010700141171,0.04606312116682794
-2.05711941074078,7.235493372214577,0.043832022550526234
-2.129842274868074,7.223233799624169,0.04181271894964932
-2.2024189682724518,7.210232512846501,0.03998745954239595
-2.274843928789624,7.196490112767354,0.038338119120714775
-2.3471115881215736,7.182007270681676,0.03684619809029102
-2.419216371836559,7.166784728293577,0.03549282247054652
-2.4911526993695188,7.150823297716242,0.03425874389463295
-2.562914832558441,7.134123849177107,0.03312623774968968
-2.634495950826979,7.1166872371461425,0.03209074315163159
-2.705889268213287,7.098514392393961,0.031147112162033034
-2.777088089324609,7.079606325605549,0.03028902795495303
-2.848085738619443,7.05996412155934,0.029509894021628798
-2.9188755604079457,7.039588939127099,0.02880283417047195
-2.9894509188503213,7.0184820112743855,0.02816069252708412
-3.059805197959236,6.996644645059859,0.027576033534232953
-3.1299318015982083,6.974078221635742,0.027041141951868488
-3.1998241534820133,6.950784196247704,0.02654802285711899
-3.2694756322168383,6.9267640928299,0.02608926728128923
-3.338879141031101,6.902019469924246,0.025663754377103238
-3.408027587562499,6.8765519610065535,0.025270361586940918
-3.4769139424089346,6.850363276671274,0.02490732672235599
-3.545531209183523,6.823455201966477,0.02457265397124715
-3.613872424514987,6.795829596393708,0.024264113897855523
-3.6819306580476567,6.767488393907988,0.023979243442764694
-3.74969901244147,6.738433602917815,0.023715345922900692
-3.8171706233723555,6.708667306284991,0.02346949103153064
-3.884338659530699,6.678191661325308,0.023238514838268234
-3.9511963226236464,6.647008899807525,0.023019019789065405
-4.017736751449993,6.615121318774769,0.022808754225831916
-4.083952873288269,6.582531270436375,0.022608625289853457
-4.149837692357654,6.549241187239188,0.022418683760356158
-4.21538425457451,6.515253574641052,0.022238774839098956
-4.280585645413159,6.480571010871727,0.022068570137808708
-4.345434989908112,6.445196146931733,0.021907567678174054
-4.409925452652581,6.409131706593113,0.021755091891849574
-4.474050237798851,6.372380486399249,0.021610293620454718
-4.537802589058282,6.334945355664852,0.021472150115573824
-4.601175789701665,6.296829256475752,0.021339465038755365
-4.664163162557785,6.258035203689768,0.021210868461514945
-4.726758070015585,6.218566284935401,0.02108481686533077
-4.788953860221719,6.1784256523115095,0.020960486757220956
-4.850743778113229,6.137616518138293,0.020838962171622077
-4.912121129007623,6.096142175006177,0.020720691593658386
-4.973079264771965,6.054005985149361,0.020605984973410926
-5.0336115827258485,6.011211380201546,0.02049503430193443
-5.0937115256434815,5.967761861194498,0.02038791361125342
-5.153372581752288,5.923660998559003,0.02028457897436483
-5.2125882847332665,5.878912432124629,0.020184868505237336
-5.271352213720981,5.833519871119726,0.02008850235881138
-5.329657993303567,5.787487094171424,0.019995082730999144
-5.387499293523054,5.740817949305372,0.019904093858684045
-5.44486982987406,5.693516353946796,0.019814902019722806
-5.5017633633057565,5.645586294918911,0.01972675553294233
-5.558173700220555,5.597031828443977,0.01963878475814181
-5.61409466436402,5.547857067439796,0.019550662649197453
-5.669520034561717,5.4980661852641655,0.019463300510679488
-5.724443631338372,5.44766343798873,0.019377220558047126
-5.7788593292878385,5.396653145854447,0.019292846981860567
-5.83276105692004,5.345039693087083,0.019210512305488207
-5.886142796659716,5.292827527898345,0.019130457385108615
-5.93899858484674,5.24002116248561,0.019052831409710053
-5.9913225117361115,5.1866251730319135,0.018977691901090447
-6.043108721498255,5.132644199705648,0.018905004713857008
-6.094351412217847,5.078082946661787,0.018834644035427853
-6.145044835895574,5.022946182040053,0.01876639238602953
-6.195183298446962,4.967238737966134,0.018699940618698698
-6.244761159702665,4.91096551055138,0.018634887919281685
-6.293772833408468,4.854131459892805,0.0185707418064345
-6.342212787225562,4.796741610072759,0.01850691813162248
-6.390075542729441,4.738801049160234,0.018442741079121708
-6.437355673494736,4.680314923082518,0.018377571332447235
-6.484047751872861,4.621288407664094,0.01831198711424277
-6.530146347585678,4.561726772648424,0.018246734278944157
-6.5756460912616514,4.501635351411747,0.0181823832921169
-6.620541677951477,4.441019533216728,0.018119411779803907
-6.664827867128327,4.3798847632121065,0.018058204528525135
-6.708499482686849,4.318236542434085,0.01799905348527898
-6.751551412944678,4.256080427804248,0.01794215775754019
-6.793978610641419,4.19342203213095,0.017887623613261256
-6.83577609293891,4.130267024108969,0.017835464480872077
-6.8769389414212165,4.0666211283195,0.01778560094927994
-6.91746230209486,4.002490125229803,0.017737860767869276
-6.957341385387901,3.9378798511946473,0.017691978846502712
-6.9965714661513205,3.872796198454137,0.01764759725551945
-7.0351478836581,3.80724511513516,0.017604265225736382
-7.073066041603443,3.741232605251029,0.017561439148447787
-7.110321408104788,3.6747647287014757,0.017518482575425348
-7.146909515702002,3.6078476012722756,0.017474666218917884
-7.182825961356563,3.540487394636767,0.01742916795165237
-7.2180663671986585,3.472690297630328,0.017382079227954032
-7.252626333705061,3.404462553751496,0.017334644771147812
-7.286501530568567,3.3358104947224536,0.01728758276364791
-7.3196877019683075,3.266740497322009,0.017241507076174247
-7.352180666568229,3.1972589833813387,0.017196927336529177
-7.383976317516356,3.1273724197855697,0.017154248929598482
-7.415070622445904,3.0570873184714085,0.01711377299734986
-7.445459623474529,2.9864102364287204,0.017075696438833932
-7.475139437204522,2.9153477757001354,0.017040111910184005
-7.504106254722801,2.843906583381048,0.017007007824616057
-7.532356341600919,2.7720933516196156,0.01697626835242874
-7.5598860378952155,2.6999148176163503,0.016947673421003232
-7.5866917581461895,2.627377763625759,0.016920898714803855
-7.612769991379447,2.5544890169538848,0.016895515675377122
-7.6381173011050665,2.481255449959942,0.016870991501352392
-7.662730325317755,2.4076839800559116,0.016846689148441698
-7.686605776496853,2.3337815697065376,0.01682186732943974
-7.709740441606462,2.259555226428905,0.016795680514223754
-7.732131182094922,2.1850120027941324,0.01676717892975409
-7.753774878735442,2.110158962521179,0.016736420760416697
-7.774668373879848,2.035003193575049,0.016705235914180664
-7.794808623470847,1.9595518761399453,0.01667437281795388
-7.8141926662214285,1.8838122235146482,0.016644451837379223
-7.832817622687055,1.807791481260947,0.016615986305649588
-7.850680695265243,1.7314969272053722,0.01658938252350854
-7.867779168196199,1.6549358714366016,0.01656493975924932
-7.88411040756239,1.5781156563071865,0.016542850248715532
-7.899671861288654,1.5010436564331227,0.016523199195300955
-7.914461059142199,1.423727278693848,0.016505964769949543
-7.9284756127326785,1.3461739622318023,0.016491018111155362
-7.941713215511881,1.2683911784541921,0.016478123324962894
-7.954171642774204,1.1903864310303445,0.016466937484966554
-7.965848751656335,1.1121672558934703,0.016457010632311017
-7.976742481137329,1.0337412212402226,0.016447785775691153
-7.986850852038612,0.9551159275306988,0.016438598891352
-7.9961719670239795,0.8762990074884391,0.016428678923088785
-8.004704010599642,0.7972981260999761,0.016417147782246837
-8.012445247972451,0.71812097990447,0.01640304226198151
-8.01939390920569,0.6387752430618469,0.016387429832630005
-8.025548259871238,0.5592686447525755,0.016371853059981862
-8.030906693428035,0.4796089711250642,0.016356879522752724
-8.03546768882491,0.3998040266018763,0.016342987251851775
-8.039229810500611,0.3198616338792752,0.016330564730381636
-8.042191708383717,0.23978963392904362,0.016319910893638673
-8.04435211789277,0.15959588599575592,0.016311235129112554
-8.045709859936183,0.07928826759859608,0.01630465727648654
-8.04626384091227,-0.0011253254690970493,0.01630020762763742
-8.046013052709235,-0.0816369791398297,0.016297826926635502
-8.04495657270517,-0.16223876107241086,0.016297366369744624
-8.043093563768085,-0.24292272065011977,0.016298587605422143
-8.040423274255872,-0.3236808889834555,0.016301162734318933
-8.036945038016315,-0.40450527890830346,0.01630467430927939
-8.032658274387103,-0.4853878849863935,0.01630861533534144
-8.027562488195814,-0.5663206835053018,0.01631238926973653
-8.021657269759888,-0.6472956324789085,0.016315310021889635
-8.014942294886763,-0.7283046716455577,0.01631660195341922
-8.007417281115588,-0.8093397501517449,0.01631616977836078
-7.999081918919477,-0.8903928314750178,0.016315676595458246
-7.98993603803349,-0.9714558007239799,0.016315649872347442
-7.979979558082725,-1.0525205366023793,0.016316483846739258
-7.969212484955506,-1.1335789145361899,0.016318506112247336
-7.957634910803315,-1.2146228066740734,0.0163219776183881
-7.945247014041063,-1.295644081885534,0.01632709267058067
-7.932049059346689,-1.3766346057636851,0.016333978930146972
-7.918041397661426,-1.4575862406234052,0.01634269741431168
-7.903224466189733,-1.5384908455017987,0.016353242496202212
-7.887598788399295,-1.6193402761581968,0.016365541904848756
-7.871164974020928,-1.7001263850746144,0.016379456725184333
-7.85392371904896,-1.7808410214539168,0.016394781398044476
-7.835875805740665,-1.8614760312225713,0.01641124372016771
-7.817022102616637,-1.9420232570288134,0.01642850484419524
-7.797363564460694,-2.022474538243104,0.016446159278671033
-7.776901232319886,-2.1028217109581306,0.016463734888041804
-7.755636233504362,-2.1830566079892613,0.016480692892657123
-7.733569781587865,-2.2631710588727234,0.016496427868769026
-7.710703116847113,-2.3431569427210412,0.016511181136650954
-7.687037505073443,-2.423006129899759,0.016526022603975652
-7.6625743349678554,-2.502710433643694,0.01654136639678448
-7.637315080206596,-2.582261680017171,0.016557569791735303
-7.611261299398296,-2.6616517079666315,0.01657493387847096
-7.584414636084564,-2.74087236931883,0.016593703559618832
-7.556776818739102,-2.8199155287835413,0.01661406755079146
-7.5283496607682885,-2.898773063951755,0.016636158380586148
-7.4991350605110405,-2.977436865296124,0.016660052390585052
-7.469135001238804,-3.0558988361709702,0.016685769735355183
-7.438351551155562,-3.13415089281228,0.01671327438244842
-7.406786863397647,-3.2121849643381486,0.01674247411240166
-7.374443176034466,-3.289992992747007,0.01677322051873616
-7.3413228120674265,-3.367566932920284,0.016805309007958524
-7.307428179430642,-3.4448987526206296,0.016838478799560054
-7.272761770990763,-3.52198043249236,0.016872412926016912
-7.237326164546973,-3.598803966061457,0.01690673823279011
-7.20112402283078,-3.675361359736003,0.016941025378325723
-7.164158093506846,-3.7516446328044415,0.016974788834054087
-7.126431209171753,-3.8276458174381887,0.01700748688439099
-7.08794623060917,-3.9033570155122823,0.017039178644052848
-7.048706036530223,-3.9787703422522744,0.017070795568877247
-7.00871362857024,-4.053877857518758,0.017102829040468386
-6.967972089696324,-4.128671650774141,0.017135707481699486
-6.926484584015451,-4.2031438413453435,0.017169798420345734
-6.884254356773076,-4.277286578426351,0.017205408489085396
-6.841284734354054,-4.351092041076508,0.017242783425499075
-6.79757912428241,-4.424552438220947,0.017282108072069906
-6.753141015221341,-4.497660008650588,0.017323506376183538
-6.707973976972958,-4.5704070210225485,0.017367041390128405
-6.662081660479314,-4.6427857738584954,0.017412715271094708
-6.615467797820865,-4.714788595547125,0.01746046928117592
-6.568136202217495,-4.786407844342504,0.01751018378736778
-6.5200907680282585,-4.857635908364488,0.017561678261568573
-6.471335470751379,-4.928465205598717,0.017614711280579086
-6.421874367024256,-4.9988881838966215,0.017668980526102638
-6.371711594623169,-5.068897320975815,0.017724122784745396
-6.3208513724644275,-5.1384851244185015,0.017779713948015093
-6.26929800060266,-5.207644131673873,0.017835269012322935
-6.217055860231949,-5.276366910056506,0.017890242078982335
-6.164129413685548,-5.344646056746764,0.017944026354209233
-6.110523154140552,-5.412474232065302,0.017996453558362005
-6.056241526775042,-5.479844169105475,0.01804877772602024
-6.001289133213614,-5.546748546223519,0.018101594408586413
-5.945670654739007,-5.61318008307261,0.018155380888634644
-5.889390846320247,-5.679131545687244,0.018210549989323904
-5.832454536612352,-5.744595746483619,0.01826745007439835
-5.7748666279563174,-5.80956554425964,0.018326365048187302
-5.716632096378797,-5.874033844195275,0.01838751435560561
-5.65775599159342,-5.937993597851101,0.018451052982152237
-5.5982434369988106,-6.0014378031704965,0.01851707145391235
-5.538099629679909,-6.064359504478176,0.018585595837555962
-5.477329840407637,-6.126751792480559,0.018656587740338234
-5.415939413638903,-6.188607804265764,0.018729944310099507
-5.3539337675162475,-6.249920723303965,0.01880549823526573
-5.291318393869252,-6.31068377944599,0.018883017744846717
-5.228098858212429,-6.370890248925418,0.01896220660843875
-5.164280799746627,-6.430533454357187,0.019042704136222836
-5.099869931358677,-6.48960676473793,0.019124085178965175
-5.034872039621399,-6.548103595445988,0.019205860128017116
-4.969292984793593,-6.606017408241404,0.019287474915315194
-4.903138700819669,-6.663341711266247,0.019368311013381566
-4.836415176484255,-6.720070067619957,0.019447855433398286
-4.769128280333301,-6.776196153728171,0.019527424655544762
-4.701284029434963,-6.831713622072155,0.0196078278391366
-4.632888543714639,-6.886616163322129,0.019689482979531495
-4.563948005018545,-6.940897529372004,0.01977275528811601
-4.494468657113318,-6.994551533339685,0.019857957192306035
-4.424456805687604,-7.047572049565858,0.01994534833554485
-4.353918818349682,-7.099953013615814,0.02003513557730604
-4.282861124629047,-7.151688422278233,0.020127472993091543
-4.21129021597601,-7.202772333565483,0.020222461874432166
-4.139212645761705,-7.253198866713626,0.02032015072888755
-4.06663502927767,-7.302962202182694,0.020420535280046774
-3.9935640437374995,-7.3520565816555665,0.020523558467526036
-3.920006428274374,-7.400476308039665,0.02062911044697209
-3.8459689839427047,-7.448215745465816,0.020737028590059985
-3.77145857371772,-7.495269319288539,0.020847097484493603
-3.6964821224954694,-7.541631516086046,0.020959048934005693
-3.6210466170923907,-7.587296883660494,0.021072561958358483
-3.54515910624703,-7.632260031036962,0.021187262793341127
-3.4688267006174676,-7.676515628464994,0.021302724890773544
-3.392056572783029,-7.72005840741757,0.021418468918503877
-3.3148559518661465,-7.7628831629635835,0.02153399812756188
-3.237231956107672,-7.80498481282812,0.02165003415689053
-3.159191795891062,-7.846358285745636,0.021767370717657854
-3.0807427959667404,-7.8869985481064,0.02188637928111629
-3.001892328104573,-7.926900640238644,0.022007390592731352
-2.9226478110911884,-7.9660596764099525,0.02213069467218571
-2.8430167107317628,-8.004470844826331,0.02225654081337648
-2.763006539849573,-8.042129407632444,0.022385137584415904
-2.6826248582859975,-8.079030700911613,0.022516652827631347
-2.601879272900055,-8.115170134686013,0.022651213659566072
-2.5207774375702448,-8.150543192915869,0.02278890647097616
-2.4393270531917906,-8.185145433500674,0.022929776926835097
-2.357535867678477,-8.218972488278375,0.023073829966330745
-2.2754116759621876,-8.252020063025572,0.02322102980286608
-2.1929623199929096,-8.284283937457523,0.023371299924059206
-2.1101956887382576,-8.31575996522832,0.02352452309174423
-2.0271197181853626,-8.346444073930172,0.02368054134196776
-1.9437423913380447,-8.376332265094486,0.023839155984994122
-1.8600717382186944,-8.405420614191149,0.024000127605301923
-1.776115835867805,-8.433705270628694,0.024163176061584874
-1.691882808343971,-8.461182457754322,0.024327980486751822
-1.6073808267234055,-8.48784847285403,0.024494179287927673
-1.5226181047063279,-8.513699688714489,0.024661389876922415
-1.4376027213097502,-8.53873260519728,0.024830135394128896
-1.352342838306924,-8.562943752595439,0.025001078323722132
-1.2668467289594583,-8.586329710139365,0.025174547599208612
-1.181122695378469,-8.608887141051662,0.025350843051670735
-1.0951790685245806,-8.630612792547138,0.025530235409766813
-1.0090242082074332,-8.651503495832921,0.025712966299732125
-0.9226665030876452,-8.671556166107994,0.02589924824537474
-0.8361143706738737,-8.690767802563895,0.02608926466808174
-0.7493762573247724,-8.70913548838425,0.0262831698868151
-0.6624606382485019,-8.726656390744889,0.026481089118112693
-0.5753760175027306,-8.743327760813845,0.026683118476088327
-0.4881309279941384,-8.759146933751442,0.026889324972432894
-0.4007339314804004,-8.77411132870994,0.027099746516409676
-0.3131936185672115,-8.788218448834082,0.02731439191486137
-0.22551860871027074,-8.801465881260711,0.027533240872205433
-0.13771755021478316,-8.813851297118886,0.027756243990435234
-0.04979912023546196,-8.82537245152986,0.027983322769120043
0.0382279752239727,-8.836027183607158,0.028214369605406388
0.12635500130879196,-8.845813416456323,0.02844924779401275
0.21457319431626098,-8.854729157175287,0.028687791527237452
0.3028737616936359,-8.862772496854125,0.028929805894953427
0.39124788203866734,-8.869941610575117,0.029175066884609527
0.47968670509959654,-8.876234757412742,0.029423321381230518
0.5681814108106955,-8.881650291172981,0.02967448928192119
0.6567233739306371,-8.886186677399069,0.0299294070828391
0.745303745754471,-8.889842414141784,0.030188424018950593
0.8339136401624072,-8.892616083218773,0.030451784983939207
0.922544164316851,-8.894506356764175,0.030719721789924517
1.0111864186624027,-8.895511997228628,0.03099245316746211
1.0998314969258578,-8.895631857379259,0.0312701847655436
1.1884704861167115,-8.894864880299684,0.03155310915159826
1.277094466525142,-8.893210099390032,0.031841405811486534
1.365694511725034,-8.89066663836691,0.032135241149509705
1.4542616885719648,-8.887233711263423,0.03243476848840349
1.542787057203706,-8.882910622429172,0.032740128069339625
1.6312616710402246,-8.87769676653025,0.03305144705192588
1.7196765767841848,-8.871591628549202,0.033368839514207854
1.8080228144189399,-8.864594783785186,0.033692406452661756
1.8962914172115446,-8.856705897853741,0.034022235782205215
1.9844734117107476,-8.847924726686937,0.034358402336190086
2.072559817747492,-8.838251116533336,0.03470096786640426
2.1605416484349154,-8.827685003957997,0.03504998104307165
2.248409910168852,-8.8162264158424,0.03540547745485422
2.33615560262583,-8.803875469384726,0.03576747960884389
2.423769718766075,-8.790632372099447,0.036135996930574656
2.5112432448315056,-8.776497421817599,0.036511025764014514
2.598567160346237,-8.761471006686705,0.0368925493715675
2.685732438116578,-8.745553605170791,0.03728053793407368
2.772730044231528,-8.72874578605027,0.03767494855081139
2.859551095404768,-8.71104821240691,0.03807604156833289
2.9461868950218215,-8.692461632924982,0.03848458251775405
3.032628413355933,-8.672986870026316,0.038900760039726305
3.118866627046554,-8.652624836988375,0.0393247427581218
3.204892532603303,-8.631376538443005,0.03975670418741586
3.290697146405963,-8.609243070376424,0.04019682273268704
3.3762715047049716,-8.586225620129099,0.04064528168961965
3.461606663619471,-8.562325466396267,0.04110226924449352
3.5466936991402322,-8.53754397922715,0.041567978474199296
3.631523707127704,-8.511882620025483,0.04204260734622832
3.716087803312501,-8.485342941549371,0.04252635871867511
3.800377123295406,-8.457926587911299,0.043019440340237386
3.884382822547842,-8.429635294577968,0.04352206485021895
3.968096076409968,-8.400470888370942,0.04403444977851821
4.051508080093544,-8.370435287465675,0.044556817545645305
4.134610048680016,-8.339530501392165,0.04508939546271074
4.2173932171209945,-8.307758631034787,0.045632415731428226
4.299848840238261,-8.275121868632286,0.04618611544411466
4.3819681927242256,-8.241622497777602,0.0467507365836934
4.463742569140066,-8.207262893418616,0.047326526023681315
4.5451632839185265,-8.172045521857026,0.04791373552820809
4.626221671362051,-8.135972940749088,0.04851262175200339
4.706909085643252,-8.099047799105444,0.04912344624040013
4.7872169008049035,-8.061272837291105,0.04974647542933439
4.867136510760401,-8.022650887025243,0.0503819806453491
4.946659329291945,-7.983184871382065,0.05103023810557952
5.025776790053267,-7.942877804789503,0.051691528917774905
5.104480346567806,-7.90173279303008,0.052366139080284126
5.182761472229172,-7.859753033240698,0.05305435948205926
5.2606116603011355,-7.816941813912637,0.053756485902655575
5.338022741884385,-7.773302499565346,0.05447312299481649
5.414987482845304,-7.728838493753557,0.05520572956269913
5.491497373947984,-7.683553339679526,0.05595448910843501
5.567543806993636,-7.637450670977513,0.05671945845605954
5.643118229657547,-7.5905342046979385,0.057500717195740736
5.718212145489526,-7.542807741307136,0.058298367683783325
5.792817113913899,-7.494275164687356,0.059112535042628776
5.866924750229935,-7.444940442136475,0.05994336716086002
5.940526725610154,-7.394807624369127,0.06079103469318251
6.013614767102865,-7.343880845515023,0.061655731060452544
6.08618065763047,-7.29216432312006,0.06253767244965844
6.158216235989891,-7.239662358146054,0.06343709781392526
6.22971339685257,-7.18637933497073,0.06435426887251479
6.300664090764869,-7.132319721387416,0.06528947011083087
6.371060324146458,-7.077488068606281,0.0662430087803981
6.440894159292742,-7.021889011252485,0.06721521489889368
6.510157714373238,-6.9655272673674045,0.06820644125012625
6.578843163431982,-6.908407638408331,0.06921706338404118
6.646942736387528,-6.850535009248471,0.07024747961672059
6.714448719033333,-6.791914348176604,0.07129811103038931
6.781353453036221,-6.7325507068984285,0.07236940147339094
6.847649335938692,-6.672449220534556,0.07346181756022363
6.913328821157373,-6.611615107621844,0.07457584867151637
6.978384417983418,-6.550053670113061,0.07571200695403485
7.042808691582493,-6.487770293376891,0.07687082732068148
7.106594262994785,-6.424770446197927,0.07805286745049542
7.169733809135361,-6.361059680776316,0.07925870778865941
7.2322200627927264,-6.296643632729204,0.08048895154647234
7.294045812630987,-6.231528021088565,0.0817442247013903
7.355203903188408,-6.165718648302645,0.08302517599699928
7.415687234877771,-6.099221400235608,0.08433247694302201
7.475488763986377,-6.032042246167526,0.085666821815318
7.534601502676381,-5.964187238793999,0.08702892765589118
7.59301851898345,-5.8956625142276975,0.08841953427285901
7.65073293681878,-5.826474291996053,0.08983940424049874
7.707737935967753,-5.756628875042789,0.09128932289921671
7.76402675209026,-5.686132649727547,0.09277009835555598
7.819592676720718,-5.614992085825877,0.09428256148219633
7.8744290572683715,-5.543213736528836,0.09582756591796313
7.928529297016052,-5.470804238444616,0.09740598806779202
7.981886855122042,-5.397770311596107,0.09901872710278165
8.034495246618835,-5.3241187594225075,0.10066670496015864
8.086348042413443,-5.249856468778939,0.10235086634328638
8.137438869287392,-5.174990409936429,0.104072178721665
8.187761409897016,-5.099527636581494,0.1058316323309414
8.237309432938007,-5.023475252645259,0.10763011998936864
8.286077444522796,-4.946839587274815,0.10946542646561752
8.334059331896016,-4.869627517706382,0.11133700392913867
8.381248676215959,-4.791846371219617,0.11324568664156458
8.427639150814086,-4.713503531382956,0.11519227513274206
8.473224521195036,-4.634606438053609,0.11717753620073229
8.517998645036863,-4.555162587377114,0.11920220291182236
8.561955472190045,-4.475179531789137,0.1212669746004791
8.605089044678982,-4.394664880012771,0.1233725168694181
8.647393496701003,-4.313626297060332,0.12551946158955785
8.6888630546266,-4.232071504232916,0.1277084069000312
8.729492036999442,-4.150008279120396,0.12993991720818537
8.769274854536592,-4.067444455600946,0.13221452318959492
8.808206010127607,-3.9843879238429327,0.13453272178800985
8.846280098835901,-3.900846630302086,0.1368949762154332
8.883491807897828,-3.816828577723386,0.1393017159520695
8.919835916722915,-3.732341825140587,0.1417533367463376
8.955307296893862,-3.6473944878762183,0.14425020061487082
8.989900912166732,-3.5619947375411027,0.1467926358425312
9.02361181847018,-3.476150802036295,0.14938093698235178
9.056435163906615,-3.3898709655501706,0.15201536485562311
9.088366188751426,-3.3031635685603677,0.15469614655183578
9.119400225453173,-3.216037007833301,0.15742347542869467
9.149532698633585,-3.1284997364241605,0.16019751111211908
9.178759125087733,-3.040560263676413,0.16301837949625875
9.207075113783356,-2.9522271552238006,0.16588617274342957
9.23447636586187,-2.863509032987347,0.16880094928420963
9.260958674637696,-2.7744145751773486,0.1717627338173756
9.286517925598421,-2.6849525162928782,0.17477151730991847
9.311150096404814,-2.595131647121787,0.17782725699704344
9.334851256890806,-2.5049608147407025,0.18092987638217015
9.357617569063633,-2.4144489225145116,0.18407926523695062
9.379445287103314,-2.3236049300984236,0.18727527960119733
9.400330757363431,-2.232437853434882,0.19051774178299075
9.42027041837061,-2.1409567647556202,0.19380644035860772
9.439260800824643,-2.049170792581148,0.1971411301725397
9.4572985275985,-1.9570891217207516,0.20052153233749226
9.474380313738411,-1.8647209932719688,0.20394733423440503
9.490502966463495,-1.7720757046226896,0.2074181895123734
9.505663385166335,-1.679162609448006,0.21093371808876538
9.519858561412585,-1.5859911177123114,0.21449350614914392
9.533085578941073,-1.4925706956687734,0.2180971061472865
9.545341613663798,-1.3989108658593405,0.22174403680518467
9.55662393366599,-1.3050212071142009,0.2254337831130656
9.566929899205867,-1.2109113545539203,0.22916579632930772
9.57625707252386,-1.1165908064720222,0.23293985471221937
9.584604245107386,-1.0220669557051874,0.23675913930808679
9.591969075099717,-0.9273490872878069,0.24062204826501413
9.598348920053255,-0.8324472389642744,0.24452538246971942
9.60374128960744,-0.7373714462755203,0.24846589787305065
9.60814384548864,-0.6421317425611733,0.25244030548989593
9.611554401510327,-0.5467381589563197,0.25644527139931783
9.61397092357296,-0.45120072439366254,0.26047741674446423
9.615391529664004,-0.35552946560298293,0.2645333177325903
9.615814489857945,-0.2597344071111385,0.26860950563505875
9.615238226316276,-0.1638255712420651,0.27270246678733956
9.613661313287494,-0.06781297811622977,0.27680864258903376
9.611082477107143,0.028293354347185495,0.2809244295037795
9.607500596197752,0.12448341043355837,0.28504617905939256
9.602914701068872,0.22074717663064347,0.28917019784777276
9.597323974317067,0.3170746416291177,0.29329274752492734
9.590727750625915,0.4134557963225811,0.297410044810971
9.583125516765962,0.5098806338081046,0.30151826149014926
9.574516911594898,0.6063391493840364,0.30561352441074496
9.564901726057302,0.7028213405532917,0.3096919154852184
9.554279903184808,0.7993172070211609,0.3137494716901141
9.542651538096061,0.8958167506958565,0.31778218506608397
9.53001687799672,0.9923099756885136,0.32178600271788727
9.51637632217938,1.0887868883137384,0.3257568268144132
9.501730422023881,1.1852374970874147,0.3296905145885909
9.48607988099685,1.2816518127299923,0.33358287833752454
9.469425554652002,1.3780198481642976,0.33742968542240326
9.451768450630064,1.474331618516079,0.3412266582685235
9.433109728658778,1.5705771411140068,0.34496947436528924
9.413450700552785,1.6667464354902193,0.3486537662662326
9.392792830214075,1.76282952337814,0.3522751215889305
9.371137733631327,1.858816428715754,0.35582908301513017
9.348487178880333,1.9546971776434217,0.35931114829066546
9.324843086123906,2.0504617985044256,0.3627167702254773
9.300207527611866,2.1461003218449726,0.36604135669361443
9.274582727681052,2.2416027804141905,0.36928027063323265
9.247971062755163,2.3369592091646734,0.3724288300466131
9.220375061345363,2.432159645250309,0.3754823080000908
9.191797404049384,2.527194128029536,0.37843593262416214
9.162240923552115,2.622052699063174,0.3812848871134129
9.131708604625464,2.716725402114964,0.3840243097265363
9.10020358412835,2.8112022831515695,0.38664929378633284
9.067729151006517,2.9054733903431114,0.3891548876797244
9.034288746293283,2.9995287740610284,0.391536094857698
8.999885963108424,3.0933584868812876,0.39378787383539116
8.964524546658916,3.1869525835822428,0.3959051381920342
8.928208394238744,3.280301121145171,0.39788275657096484
8.890941555228911,3.3733941587542713,0.3997155526796282
8.852728231097213,3.466221757797193,0.4013983052895863
8.813572775399109,3.558773981862923,0.4029257482364799
8.773479693776428,3.6510408967449584,0.40429257042008654
8.732453643958229,3.743012570439187,0.4054934158042811
8.690499435760579,3.8346790731444234,0.40652288341704607
8.64762203108656,3.9260304772624,0.4073755273504712
8.603826543926017,4.017056857398291,0.4080458567607571
8.55911824035656,4.107748290358641,0.4085283358682007
8.513501451440975,4.198095868808861,0.4088201967304893
8.466980284919401,4.288091300839176,0.4089216048021391
8.419560508723984,4.377725043746049,0.4088301899207441
8.371247966213257,4.466987605861746,0.40854390695868315
8.322048564992368,4.555869556361518,0.40806106028144745
8.271968276912792,4.644361525264103,0.40738030374763584
8.221013138073479,4.732454203429716,0.40650064070897146
8.16918924881914,4.820138342563067,0.40542142401027864
8.11650277374139,4.907404755211346,0.4041423559894972
8.062959941678452,4.994244314764728,0.4026634884776791
8.008567045715171,5.080647955456374,0.40098522279898846
7.95333044318269,5.166606672362916,0.39910830977069034
7.897256555659712,5.252111521402507,0.39703384970319466
7.840351868970616,5.33715361933775,0.3947632923999919
7.78262293318671,5.421724143773746,0.3922984371576949
7.724076362625915,5.505814333158579,0.3896414327660287
7.6647188358527725,5.5894154867833175,0.38679477750783037
7.60455709567809,5.672518964782486,0.3837613191590316
7.543597949160325,5.755116188132179,0.38054425498872835
7.481848267603522,5.837198638652893,0.3771471317590776
7.419314986558685,5.918757859007639,0.37357384572536523
7.356005105823433,5.9997854527024055,0.36982864263598925
7.2919256894419995,6.0802730840861745,0.3659161177324599
7.227083865704865,6.160212478351359,0.3618412157493759
7.161486827150232,6.239595421532,0.3576092309145182
7.0951418305618175,6.318413760506483,0.35322580694871075
7.028056190341789,6.39665940117475,0.34869689719484637
6.960237074857636,6.474324248425758,0.34402822150109363
6.8916916463000755,6.551400248140491,0.33922718217532793
6.822427117056996,6.6278794243015104,0.3343017453950994
6.752450696179484,6.703753867022798,0.32925985888545944
6.681769589383414,6.779015732548039,0.324109451919076
6.610390999047064,6.853657243253207,0.31885843531606123
6.538322124212702,6.927670687644836,0.31351470144408594
6.46557016058619,7.001048420360453,0.308086124218351
6.392142300536987,7.0737828621685805,0.3025805591015875
6.318045733097719,7.14586649996914,0.29700584310402456
6.243287643965876,7.217291886791819,0.2913697947835168
6.167875215501279,7.288051641798532,0.2856802142453543
6.091815626727762,7.358138450281773,0.27994488314238836
6.015116053332754,7.42754506366503,0.27417156467500065
5.93778366766728,7.496264299502785,0.2683680035911029
5.859825638745512,7.564289041480899,0.26254192618610395
5.7812491322465505,7.631612239415065,0.25670104030304186
5.70206131051176,7.698226909253135,0.25085303533238584
5.622269332546542,7.764126133073566,0.2450055822121681
5.5418803540198915,7.829303059085803,0.23916633342795096
5.460901527264402,7.893750901630292,0.23334292301282697
5.379340001275789,7.957462941178827,0.22754296654738582
5.297202921714762,8.020432524333113,0.22177406115984624
5.214497430904232,8.082653063826939,0.21604378552585815
5.131230667831166,8.14411803852472,0.21035969986863434
5.047409768146128,8.204820993421865,0.20472934595891815
4.963041774465257,8.26475553444162,0.19915899716358573
4.878133417205723,8.323915276032544,0.19364991833289324
4.792691841809394,8.382293870143632,0.1882078896814673
4.70672426242354,8.439885039636449,0.18283899969191028
4.620237904619829,8.496682578179772,0.17754889124877296
4.533240005396261,8.552680350248254,0.17234276163867862
4.445737813176692,8.607872291122767,0.16722536255029194
4.3577385878108235,8.662252406890401,0.16220100007431892
4.269249600573707,8.71581477444476,0.15727353470347927
4.180278134167754,8.768553541484755,0.1524463813326178
4.09083148271972,8.820462926516424,0.14772250925853636
4.000916951782713,8.871537218851719,0.14310444218010654
3.9105418583356926,8.921770778608803,0.13859425819824128
3.819713530783467,8.97115803671206,0.13419358981589483
3.7284393089561787,9.019693494892358,0.1299036239380388
3.636726544111376,9.067371725685957,0.12572510187175906
3.544582598930904,9.114187372436163,0.12165831932610931
3.4520148475229764,9.16013514929222,0.11770312641220936
3.3590306754216592,9.205209841209584,0.11385892764322042
3.265637479586866,9.249406303949932,0.11012468193434505
3.1718423801295703,9.292719518484365,0.10649555643762765
3.077652946924157,9.335144473662842,0.10296886110067867
2.9830774797141926,9.376676115405699,0.09954818644655883
2.888124275681643,9.417309476375864,0.0962364486291348
2.7928016262171007,9.457039676560402,0.09303585638751104
2.6971178169197794,9.4958619232705,0.08994791104602975
2.601081127597518,9.533771511141483,0.08697340651427093
2.5046998322662315,9.57076382213301,0.08411242928703642
2.407982199152101,9.606834325528244,0.08136435844441425
2.310936490688291,9.64197857793511,0.07872786565168113
2.2135709635171366,9.676192223285454,0.07620091515936817
2.115893868489595,9.709470992835252,0.07378076380324414
2.01791345066525,9.741810705164607,0.07146396100431568
1.9196379493117484,9.77320726617793,0.0692463487688148
1.8210755979070374,9.803656669103235,0.06712306168824891
1.7222346241360142,9.833154994493196,0.06508852693932499
1.6231232498927566,9.861698410224442,0.06313646428400069
1.5237496912799675,9.889283171497729,0.061259886069471504
1.4241221586089725,9.915905620837949,0.05945109722817067
1.3242489390071246,9.941562179081739,0.05770240703992213
1.2241400262873847,9.966249166815007,0.05602029515916691
1.1238051588429474,9.989963021573564,0.05440875427430941
1.0232536147034743,10.012700326741978,0.05286737315737178
0.9224946788575402,10.034457761223694,0.05139533211142108
0.8215376432526325,10.055232099441021,0.049991402970569386
0.7203918067945763,10.075020211335259,0.048653949099966315
0.6190664753498347,10.093819062366242,0.047380925395829054
0.5175709617420601,10.111625713513021,0.04616987828539681
0.41591458575439133,10.128437321273402,0.045017945726961515
0.31410667412888094,10.144251137664067,0.04392185720986009
0.21215656056649346,10.159064510220565,0.042877933754474434
0.11007358572710757,10.172874881997325,0.041882087912231414
0.007867097228932973,10.185679791567715,0.04092982376559756
-0.09445355034916458,10.197476873023762,0.0400162369281005
-0.19687890069898994,10.208263848110114,0.03913698717995515
-0.29939896532055676,10.218038484722436,0.038292798666109816
-0.4020037283497601,10.22679864081245,0.03748441324515545
-0.5046831995921987,10.234542277411727,0.03671203705547225
-0.6074273989641423,10.241267457667782,0.03597549849608936
-0.7102263564901955,10.246972346843936,0.03527424822670147
-0.8130701123068012,10.251655212319545,0.03460735916764366
-0.9159487166599056,10.25531442358983,0.03397352649990837
-1.018852229905542,10.257948452265936,0.0333710676651411
-1.1217707225098295,10.259555872074916,0.03279792236564041
-1.2246942750495604,10.260135358859742,0.032251652564354895
-1.3276129782098574,10.25968569057929,0.03172944248489544
-1.4305169327876868,10.258205747308368,0.031228098611516614
-1.5333962496895142,10.255694511237689,0.03074404968912924
-1.6362410499166027,10.25215106667254,0.030273346907896972
-1.7390411639169425,10.247574572981287,0.029815261124227853
-1.8417861155899533,10.241964261699495,0.02937245267593293
-1.9444655777836566,10.235319479755521,0.028945686380843792
-2.047069243181955,10.227639679050109,0.028535437098754647
-2.149586824302296,10.218924416456519,0.0281418897314325
-2.252008053496255,10.2091733538205,0.02776493922261457
-2.354322682949537,10.198386257960285,0.027404190558008308
-2.456520484681976,10.186563000666593,0.02705895876529138
-2.5585912505481136,10.173703558702554,0.026728268914109846
-2.660524792234881,10.159808013804005,0.026410856116085575
-2.762310941265078,10.144876552679053,0.026105165524804994
-2.863939548995054,10.128909467008363,0.025809352335826666
-2.965400486615286,10.111907153445083,0.025521281786679388
-3.0666836451503814,10.09387011361485,0.025238529156862165
-3.1677788673114105,10.074798947233461,0.024959340519772763
-3.268675700666029,10.054694328917957,0.024685929364741843
-3.3693637591078645,10.033557044597586,0.024419476732972692
-3.4698326998675144,10.011387987018328,0.024160743950122552
-3.5700722109132577,9.988188154387212,0.023910260504476342
-3.6700720109510554,9.963958650372318,0.023668324046946645
-3.769821849425116,9.938700684102638,0.023435000391072422
-3.8693115065156296,9.912415570168651,0.02321012351302425
-3.968530793142169,9.885104728621458,0.022993295551596387
-4.067469550961422,9.856769684973356,0.0227838868082121
-4.166117652367757,9.827412070197695,0.022581035746922343
-4.2644650004932245,9.797033620728879,0.022383648994405727
-4.362501529208112,9.765636178462183,0.022190401339967455
-4.460217203118718,9.733221690754474,0.02199973573554368
-4.557602017033603,9.699792210327265,0.021809873186719536
-4.654645865883376,9.665349877089815,0.021620965548588673
-4.751338534918894,9.629896926851162,0.021434798607984286
-4.847669875614038,9.59343570696717,0.021252351874634062
-4.943629783394489,9.555968668532914,0.021074398197921344
-5.0392081976382626,9.517498366382439,0.02090150376688416
-5.13439510167354,9.478027459089649,0.020734028110219117
-5.229180522781933,9.437558708967,0.020572124096275513
-5.323554532196298,9.396094982066359,0.02041573793305929
-5.417507245101291,9.353639248178794,0.020264609168232046
-5.511028820633362,9.310194580834573,0.020118270689111022
-5.604109461881283,9.265764157302907,0.019976048722668317
-5.696739415884036,9.22035125859297,0.019837062835534092
-5.788908973633987,9.17395926945238,0.01970022593399172
-5.880608470074765,9.126591678368204,0.019564244263981047
-5.971828284101798,9.078252077566706,0.01942761741109757
-6.0625587634927705,9.028944146433522,0.019290103549440035
-6.152790147829661,8.97867165458502,0.019153599659504455
-6.242512745235487,8.927438487280654,0.01901915844781463
-6.33171692228577,8.875248629369215,0.018887631408461836
-6.420393103856904,8.822106165238282,0.01875967233767489
-6.508531773126667,8.768015278813937,0.01863573733381936
-6.5961234715742245,8.712980253560767,0.018516084797397594
-6.683158798980617,8.657005472481542,0.01840077543104804
-6.769628413426792,8.60009541811849,0.018289672239547864
-6.855523031296566,8.542254672551401,0.018182440529809017
-6.9408334272746455,8.483487917398874,0.018078547910880875
-7.025550434347123,8.42379993381802,0.017977264293949573
-7.109664943801473,8.363195602504447,0.017877661892338016
-7.193167905226561,8.301679903692278,0.017778615221505853
-7.276050326513105,8.239257917153772,0.017678801099048933
-7.358303266208858,8.175934819428736,0.017576875232627888
-7.439917697647351,8.111715853659966,0.017474152214617428
-7.52088459902745,8.04660637704786,0.017372189881722688
-7.6011950329079445,7.980611848701167,0.0172719600652711
-7.6808401343387835,7.913737820479638,0.01717424099942704
-7.759811110861525,7.845989936993645,0.01707961732119132
-7.838099242507547,7.777373935605722,0.016988480070403277
-7.915695881800734,7.707895646428257,0.016901026689737603
-7.992592453755686,7.637560992325025,0.01681726102470647
-8.068780455878164,7.566375988910808,0.016736993323658994
-8.144251458165087,7.494346744551394,0.01665984023778125
-8.218997103104968,7.421479460363159,0.016585224821095843
-8.2930091056762,7.34778043021473,0.01651237653046358
-8.366279253349623,7.2732560407245,0.016440331225580956
-8.438799406086805,7.1979127712622795,0.016367931168981827
-8.510561496340479,7.121757193948884,0.01629382502603701
-8.581557501855814,7.044795963563247,0.016217094552771538
-8.651779313099828,6.967035794897029,0.016139796855270505
-8.721218898724818,6.888483523082326,0.01606319227489999
-8.789868319344977,6.809146070912718,0.015988170746771495
-8.857719721089651,6.729030444700408,0.015915434572075636
-8.924765335603725,6.648143734275781,0.015845498418081683
-8.990997480047634,6.566493112987402,0.015778689318137577
-9.056408557097356,6.484085837702017,0.015715146671669917
-9.12099105494478,6.40092924880408,0.015654822244183634
-9.184737547296246,6.317030770197643,0.015597480167263344
-9.247640693374738,6.232397909303528,0.015542696938571283
-9.30969323791842,6.147038257061204,0.015489861421848711
-9.370888011181002,6.060959487928322,0.015438174846915545
-9.431217928931739,5.974169359880718,0.015386650809670369
-9.490675992455767,5.886675714411905,0.015334115272090124
-9.549255288552756,5.798486476535073,0.015279206562231314
-9.606948921728788,5.709609629411176,0.015221931179252877
-9.663749954484647,5.6200532274713755,0.01516447473142504
-9.719651572340702,5.52982543427038,0.015107808243597762
-9.774647058062222,5.438934485689191,0.01505271424741619
-9.82872979125221,5.3473886896975005,0.014999797478653883
-9.881893248350194,5.255196426355782,0.014949484877213995
-9.934131002634055,5.1623661478121665,0.014902025587127483
-9.985436724218811,5.0689063783045185,0.01485749095655431
-10.03580418005691,4.97482571415992,0.014815774537783143
-10.085227233938241,4.880132823794667,0.014776592087231357
-10.1336998464904,4.784836447713731,0.014739481565444825
-10.181216075177597,4.688945398512925,0.014703803137098747
-10.227770074302313,4.5924685608756555,0.014668739170996394
-10.27335609500418,4.495414891575086,0.014633294240069957
-10.317968485260273,4.397793419473594,0.014596295121380332
-10.36160168504972,4.299613242867738,0.014556511123929175
-10.40425010774372,4.200883488636798,0.014515295347606134
-10.44590822337406,4.101613382522083,0.014474202558756283
-10.48657062626861,4.001812227344271,0.01443406408748997
-10.5262320169787,3.901489384617072,0.014395546124758817
-10.564887202278152,3.8006542745494882,0.014359149722356655
-10.602531095163538,3.6993163760452448,0.01432521079291929
-10.639158714854162,3.5974852267027932,0.014293900109924512
-10.67476518679227,3.495170422814729,0.01426522330769192
-10.70934574264224,3.392381619370118,0.014239020881383575
-10.742895720291806,3.2891285300510105,0.014214968187003024
-10.775410563851231,3.1854209272347602,0.01419257544139595
-10.806885823653522,3.0812686419934483,0.01417118772225002
-10.83731715625442,2.9766815640938824,0.014149984968094874
-10.866700324432575,2.871669641996995,0.014127981978302
-10.895031197188878,2.7662428828602406,0.014104028413085236
-10.922305723328046,2.66041133822371,0.014077436333137317
-10.948519824272145,2.55418508178889,0.014050174370007192
-10.973669546558758,2.447574288685334,0.014023277634973734
-10.997751056273934,2.34058918294206,0.013997465664262456
-11.020760633022205,2.233240032117189,0.013973306292309567
-11.042694669926073,2.1255371473003875,0.013951215651762517
-11.063549673626795,2.01749088310921,0.013931458173479166
-11.083322264283856,1.909111637691533,0.013914146586528347
-11.102009175575095,1.8004098527249484,0.01389924191818973
-11.119607254696712,1.691396013416763,0.013886553493953811
-11.13611346236327,1.5820806485039984,0.013875738937521916
-11.151524872807768,1.4724743302527676,0.013866304170806157
-11.16583867378131,1.3625876744607681,0.013857603413929628
-11.179052166553626,1.252431340453544,0.013848839185226093
-11.191162765912708,1.142016031086977,0.013839062301240206
-11.202168000164912,1.0313524927466622,0.013827171876727449
-11.212065461786,0.9204514877585052,0.013813029447061684
-11.220852744993401,0.8093238040308993,0.013798559009574963
-11.228527593172497,0.6979803140359446,0.013784574796866643
-11.235087869498768,0.5864319181426603,0.013771720737716896
-11.240531555665939,0.47468954352081283,0.013760501837242041
-11.244856751886045,0.36276414414028446,0.013751284176894456
-11.248061676889428,0.2506667007710738,0.013744294914462584
-11.250144667924742,0.13840822098265626,0.013739622284070907
-11.25110418075892,0.025999739146538747,0.013737215596180043
-11.250938789677239,-0.08654768356757003,0.013736885237586592
-11.249647187483262,-0.1992229591892074,0.013738302671423239
-11.247228185498866,-0.31201497294779545,0.01374100043715874
-11.24368071356423,-0.42491258327264014,0.013744372150597907
-11.23900382003781,-0.5379046217935723,0.01374767250388164
-11.233196671796454,-0.6509798933383826,0.013750017265486834
-11.226258554235239,-0.7641271759366692,0.01375038328022651
-11.218188823726189,-0.87733524948913,0.013748613874298266
-11.208986845777389,-0.9905928872227622,0.013746537197869066
-11.198652142552625,-1.1038887888192555,0.013744926204766488
-11.187184358780968,-1.2172116437123588,0.013744390390164457
-11.17458326013535,-1.3305501325618616,0.013745412079976257
-11.16084873323286,-1.4438929272510168,0.013748346430854489
-11.145980785634318,-1.5572286908904052,0.013753421430191107
-11.129979545844545,-1.6705460778153607,0.013760737896117403
-11.112845263312305,-1.783833733586612,0.013770269477504012
-11.094578308430302,-1.8970802949902843,0.013781862653960907
-11.07517917253506,-2.0102743900385422,0.013795236735837487
-11.05464846790738,-2.123404637967016,0.01380998386422225
-11.032986927771676,-2.236459649238663,0.01382556901094327
-11.0101954062964,-2.349428025541191,0.01384132997856788
-10.986274878593951,-2.4622983597877077,0.013856477400402762
-10.961226440720665,-2.5750592361167133,0.013870094740493935
-10.935051291766435,-2.687699242292174,0.013881483741666312
-10.907750625709703,-2.800207008255648,0.013892200443664524
-10.879325777930736,-2.9125710959906512,0.013903205026382323
-10.849778215820342,-3.024780065651617,0.013915114289072066
-10.819109527291399,-3.1368224876019797,0.013928428386131706
-10.78732142077887,-3.248686942414177,0.013943530827104802
-10.754415725239607,-3.3603620208702822,0.013960688476680623
-10.720394390153096,-3.4718363239594643,0.01398005155469374
-10.685259485520355,-3.583098462881802,0.014001653636124612
-10.649013201864657,-3.6941370590457367,0.014025411651099218
-10.611657850231357,-3.8049407440687144,0.01405112588488913
-10.573195862187882,-3.9154981597771816,0.014078479977911533
-10.533629789823747,-4.025797958206587,0.01410704092572921
-10.492962305750305,-4.135828801602003,0.014136259079050716
-10.451196203101684,-4.245579362415631,0.014165468143729706
-10.408334395533405,-4.35503832331055,0.01419388518076594
-10.36437991722329,-4.464194377158216,0.014220610606304617
-10.319335865809217,-4.573036262104963,0.014245594473457121
-10.273205357043187,-4.681552741889172,0.014270459884360726
-10.22599167586526,-4.789732537068791,0.01429589617031166
-10.177698225557107,-4.897564396791008,0.014322462964505123
-10.12832852641872,-5.005037099940114,0.014350612141292553
-10.077886215769459,-5.112139455135038,0.01438068781618105
-10.026375047947806,-5.218860300729969,0.014412926345833512
-9.973798894311349,-5.325188504814349,0.014447456328068653
-9.920161743236486,-5.431112965213475,0.014484298601861194
-9.865467700119643,-5.536622609486098,0.014523366247341036
-9.809720987375451,-5.641706394928032,0.0145644645857945
-9.752925944437951,-5.746353308569741,0.014607291179663513
-9.6950870277603,-5.850552367176947,0.014651435832545802
-9.63620881081477,-5.954292617250627,0.014696380589194903
-9.576295984092397,-6.057563135027601,0.014741499735520407
-9.515353355104361,-6.160353026478181,0.01478605979858694
-9.453385848379932,-6.262651427309703,0.01482921954661571
-9.390398454503512,-6.364447533114624,0.01487077240435749
-9.326396162908967,-6.465730596057476,0.01491228050958689
-9.261384137263091,-6.566489835867849,0.014954443982003386
-9.195367654865164,-6.666714518752927,0.014997816138186881
-9.128352103198191,-6.766393960196005,0.015042850847339273
-9.06034297993043,-6.865517524954229,0.015089902531283417
-8.991345892913108,-6.964074627061995,0.015139226164464658
-8.921366560181935,-7.062054729828677,0.015190977273949817
-8.850410809956733,-7.159447345839198,0.01524521193942745
-8.778484580641427,-7.25624203695403,0.015301886793207839
-8.705593920823635,-7.352428414309736,0.015360859020223334
-8.63174498927633,-7.447996138316789,0.015421886358027007
-8.556944054955348,-7.542934918662853,0.015484627096794656
-8.481197497001054,-7.63723451431059,0.015548640079323479
-8.404511804737908,-7.730884733498212,0.015613384701032408
-8.326893577674484,-7.823875433739477,0.0156782209099621
-8.24834952550302,-7.916196521824215,0.015742409206775297
-8.168886462290724,-8.007837957373129,0.015805179633438835
-8.088511171939865,-8.098789811975498,0.015867466754238262
-8.007230552375283,-8.189042152848726,0.015930347464814115
-7.925051640260498,-8.278585082952455,0.01599439955615519
-7.841981572043201,-8.367408773455505,0.016060111362709083
-7.758027583954769,-8.455503463736374,0.016127881762382598
-7.673197012012182,-8.542859461381234,0.016198020176540196
-7.58749729201516,-8.62946714218694,0.016270746570006284
-7.500935959548062,-8.71531695015902,0.016346191451063714
-7.413520649979416,-8.800399397512178,0.01642439587145414
-7.32525909846192,-8.884705064670301,0.016505311426378032
-7.236159139932437,-8.968224600266446,0.01658880025449467
-7.146228709111485,-9.050948721143317,0.016674635037922637
-7.055475840505285,-9.13286821235139,0.016762499002237863
-6.963908668402697,-9.213973927151727,0.01685198591647654
-6.871535426877253,-9.294256787014096,0.016942600093133194
-6.778364449786659,-9.37370778161744,0.017033756388161164
-6.684404170772782,-9.452317968849883,0.017124780200972592
-6.589663116256568,-9.530078478535136,0.017214975550534212
-6.494149757321696,-9.606980570110801,0.01730523136260757
-6.397872681078745,-9.683015516245215,0.01739653661726673
-6.300840605066669,-9.758174644189504,0.01748943029654469
-6.203062332523628,-9.832449367085008,0.017584374790070207
-6.104546752386992,-9.905831183963288,0.017681755895067822
-6.00530283929277,-9.978311679746534,0.01778188281635842
-5.905339653577875,-10.049882525245922,0.017884988166356943
-5.804666341276738,-10.120535477164077,0.017991227965075803
-5.703292134123557,-10.19026237809344,0.018100681640122622
-5.601226349551741,-10.259055156516661,0.0182133520267008
-5.498478390693905,-10.326905826806616,0.018329165367609496
-5.395057746381283,-10.39380648922677,0.01844797131324434
-5.290973991146081,-10.459749329929675,0.018569542921594687
-5.186236785217952,-10.524726620959239,0.018693576658247685
-5.080855874526343,-10.588730720249213,0.01881969239638559
-4.974841090699908,-10.651754071623557,0.018947433416786428
-4.868202351066509,-10.71378920479646,0.019076266407823995
-4.760949658653217,-10.77482873537232,0.01920558146546786
-4.653093049758634,-10.834865386394945,0.019335114341411542
-4.544642486354934,-10.893892003111967,0.019466091636120227
-4.435608113498515,-10.9519014487718,0.019599114100959273
-4.326000155367301,-11.008886682389408,0.01973464369986385
-4.215828903941093,-11.064840764636674,0.01987308263317929
-4.105104719001574,-11.119756857842411,0.02001477333766111
-3.993838028131672,-11.173628225992653,0.020159998486475816
-3.882039326718096,-11.22644823472944,0.020308980989197603
-3.7697191779475374,-11.27821035135266,0.020461883991813295
-3.656888212809199,-11.328908144818813,0.020618810876719077
-3.5435571300941646,-11.37853528574132,0.02077980526272129
-3.429736696395397,-11.427085546390526,0.02094485100503646
-3.315437746107089,-11.474552800693967,0.021113872195292236
-3.2006711814272633,-11.520931024235294,0.021286733161523554
-3.085447972353875,-11.566214294255891,0.021463238468178377
-2.9697791566874088,-11.610396789653796,0.0216431329161139
-2.8536758400302276,-11.653472790983967,0.021826101542597478
-2.737149195786576,-11.695436680458286,0.02201176962130664
-2.6202104651619127,-11.736282941945786,0.022199702662330147
-2.5028709515374215,-11.776006163008391,0.02238943858622295
-2.385141839332916,-11.814601086812818,0.022581673145382918
-2.2670344135906593,-11.852062511790088,0.022777215432999907
-2.148560080442257,-11.88838531775405,0.022976477115149295
-2.02973029179761,-11.923564499299536,0.0231798329532255
-1.9105565453449143,-11.957595165802367,0.02338762080394199
-1.7910503845499786,-11.990472541419539,0.023600141619332507
-1.671223398658947,-12.022191965088476,0.023817659446746183
-1.5510872226942205,-12.052748890528157,0.024040401428854826
-1.4306535374571727,-12.08213888623836,0.024268557803648082
-1.3099340695274724,-12.110357635499849,0.02450228190443465
-1.1889405912630828,-12.13740093637438,0.02474169015984227
-1.067684920799572,-12.16326470170484,0.024986862093819142
-0.9461789220528711,-12.187944959114667,0.02523784032562831
-0.8244345047151385,-12.21143785100873,0.025494630569856035
-0.702463624257516,-12.233739634572743,0.025757201636406237
-0.5802782819294401,-12.2548466817734,0.026025485430501892
-0.4578905247586418,-12.274755479358388,0.02629937695268501
-0.3353124455504495,-12.29346262885649,0.026578734298818265
-0.21255618289057754,-12.310964846577155,0.026863378660078586
-0.08963392114094448,-12.327258963611147,0.027153094322966698
0.03344213993723084,-12.342341933216504,0.027447752012397807
0.15665999589975232,-12.356210868964473,0.027748311453090743
0.2800074414545674,-12.368862939391615,0.028055293463018712
0.4034721966803827,-12.380295421653202,0.028369013688233767
0.5270419625912417,-12.390505717294756,0.028689781605325294
0.6507044211407366,-12.399491352252443,0.029017900521430714
0.7744472352192003,-12.407249976852802,0.029353667574228384
0.89825804865441,-12.413779365812816,0.029697373731939373
1.022124486211585,-12.419077418239914,0.030049303793327445
1.146034153593388,-12.423142157631965,0.030409736387699067
1.2699746374406293,-12.425971731877294,0.030778943974905545
1.3939335053294486,-12.427564413254627,0.031157192845334556
1.5178983057755422,-12.427918598433187,0.03154474311992276
1.6418565682313446,-12.427032808472616,0.03194184875014744
1.7657958030867342,-12.424905688823001,0.032348757518028584
